{"type":"FeatureCollection","features":[{"type":"Feature","properties":{"kind":"road","name":"南沙港快速"},"geometry":{"type":"LineString","coordinates":[[113.3605561,23.0531413],[113.3636182,23.0512311],[113.365227,23.0503181],[113.3663321,23.0496419],[113.3677107,23.0488039],[113.370641,23.0469812],[113.3713062,23.0465444],[113.3718494,23.04611],[113.3723804,23.0456373],[113.3728002,23.0451474],[113.3732991,23.0444847],[113.373519,23.0440898],[113.3737725,23.0435888],[113.3738798,23.0433395],[113.3740032,23.0430482],[113.3741534,23.04252],[113.3742419,23.042151],[113.3743017,23.0416907],[113.3743478,23.0413896],[113.3743751,23.0408574],[113.3743666,23.0404634],[113.3743552,23.0400798],[113.374334,23.0398525],[113.3742472,23.0391342],[113.3739994,23.0370004],[113.3737516,23.0348009],[113.3734732,23.0322703],[113.373233,23.030085],[113.3730942,23.0288974],[113.3730391,23.0283761],[113.3730004,23.0279611],[113.3730055,23.0275679],[113.3729933,23.0269924],[113.3730223,23.0264679],[113.3730814,23.0259581],[113.3731532,23.0255764]]}},{"type":"Feature","properties":{"kind":"road","name":"大学城广大路"},"geometry":{"type":"LineString","coordinates":[[113.371444,23.0453513],[113.3707029,23.0445602],[113.3704353,23.0442755],[113.3704199,23.0442591],[113.370333,23.0441611],[113.3702463,23.0440604],[113.3701562,23.0439499],[113.3701146,23.0438948],[113.3700762,23.0438374],[113.3700488,23.0437927],[113.3700143,23.0437378],[113.3699994,23.0437141],[113.369947,23.0436171],[113.3699021,23.0435329],[113.3698561,23.0434257],[113.3698196,23.0433345],[113.3697874,23.0432384],[113.3697546,23.0431358],[113.3697384,23.0430686],[113.3697237,23.0430075],[113.3697049,23.0429199],[113.3696885,23.0428217],[113.3696627,23.0425996],[113.3696392,23.0424155],[113.369627,23.0423156],[113.3696218,23.0422805],[113.3696174,23.042246],[113.3696043,23.0421442],[113.3695918,23.0420472]]}},{"type":"Feature","properties":{"kind":"road","name":"环校东路"},"geometry":{"type":"LineString","coordinates":[[113.3729947,23.041708],[113.3730039,23.0417911],[113.3730062,23.0418122],[113.3730174,23.0418703],[113.3730261,23.0419002],[113.3730473,23.0419594],[113.3730821,23.0420383],[113.3731019,23.0420976],[113.3731213,23.0421665],[113.3731446,23.042276],[113.3731563,23.0423405],[113.3731648,23.0424169],[113.3731688,23.0425036],[113.3731688,23.0425062],[113.373169,23.0425898],[113.373162,23.0426852],[113.3731483,23.0427759],[113.3731302,23.0428751],[113.373116,23.0429291],[113.3730981,23.0429828],[113.3730798,23.0430371],[113.3730578,23.0430952],[113.3730235,23.0431766],[113.3729911,23.0432481],[113.3729215,23.0433969],[113.3728639,23.0435112],[113.372851,23.0435368],[113.3728291,23.0435804],[113.3727854,23.0436606],[113.3727717,23.0436856],[113.3727136,23.0437871],[113.3726856,23.0438362],[113.3726569,23.0438838],[113.3726152,23.0439532],[113.3725041,23.044129],[113.3723935,23.0442858],[113.3723024,23.0444113],[113.3721755,23.0445784],[113.3721597,23.044598],[113.3720187,23.0447644],[113.3719077,23.0448901],[113.371789,23.0450157],[113.3716575,23.0451469],[113.3715291,23.045272],[113.3715096,23.0452902],[113.371444,23.0453513],[113.3713557,23.04543],[113.3712571,23.0455118],[113.3712205,23.0455424],[113.371163,23.0455904],[113.3710876,23.0456515],[113.3710762,23.0456599],[113.3709864,23.0457262],[113.3709248,23.0457717],[113.3708884,23.0457985],[113.3707513,23.0458937],[113.3704975,23.0460793],[113.3703199,23.0461853]]}},{"type":"Feature","properties":{"kind":"road","name":""},"geometry":{"type":"LineString","coordinates":[[113.3692173,23.0441376],[113.3691898,23.0440853],[113.3691014,23.0439257],[113.3690364,23.0437868],[113.3689859,23.0436658],[113.3689408,23.0435537],[113.3689277,23.0435117],[113.3689062,23.0434437],[113.3689023,23.0434314],[113.3688755,23.043337],[113.3688721,23.0433243],[113.3688466,23.0432272],[113.3688251,23.0431341],[113.3687994,23.0429881],[113.3687962,23.0429702],[113.368757,23.0426627],[113.3687227,23.0424123],[113.3688102,23.0424041]]}},{"type":"Feature","properties":{"kind":"road","name":""},"geometry":{"type":"LineString","coordinates":[[113.3685936,23.0445127],[113.3685509,23.0444679],[113.3685416,23.044458],[113.3685048,23.0444188],[113.3684748,23.0443866],[113.3684441,23.0443511],[113.3684094,23.0443073],[113.3683785,23.0442687],[113.3683382,23.0442144],[113.3683114,23.0441768],[113.3682855,23.0441363],[113.3682559,23.0440926],[113.3682169,23.0440244],[113.3681905,23.0439786],[113.3681665,23.0439379],[113.3681459,23.0438944],[113.3681213,23.0438419],[113.3680929,23.043777],[113.3680688,23.0437188],[113.3680515,23.0436662],[113.3680488,23.043658],[113.3680296,23.0436036],[113.3680125,23.0435491],[113.3679952,23.0434825],[113.3679793,23.0434186],[113.3679575,23.043295],[113.3679513,23.0432518],[113.3679441,23.0432006],[113.3679385,23.04314],[113.3679333,23.043063],[113.367932,23.0429862],[113.3679333,23.0428673],[113.3679351,23.0427391],[113.3679366,23.0427145],[113.3679403,23.0426537],[113.3679456,23.0425788],[113.3679394,23.0425104],[113.3679319,23.0424885],[113.3679194,23.0424519]]}},{"type":"Feature","properties":{"kind":"road","name":""},"geometry":{"type":"LineString","coordinates":[[113.3656931,23.0431432],[113.3659012,23.0432262],[113.3661088,23.0433077],[113.3666209,23.0435158],[113.3667944,23.0435821]]}},{"type":"Feature","properties":{"kind":"road","name":""},"geometry":{"type":"LineString","coordinates":[[113.3744769,23.0412385],[113.3745009,23.04144],[113.374525,23.0416095],[113.3745359,23.0418498],[113.3745278,23.0420947],[113.3745196,23.0423136],[113.3744954,23.0425507],[113.3744817,23.042715],[113.374452,23.0428993],[113.3744003,23.0430866],[113.3743249,23.0433142],[113.3742555,23.0434932],[113.3741719,23.0436863],[113.3740663,23.0439074],[113.3739419,23.0441564],[113.3738235,23.0443662],[113.3736943,23.0445824],[113.3735526,23.0447997],[113.3734146,23.0449937],[113.3733007,23.0451503],[113.3731532,23.0453433],[113.3728688,23.0456964],[113.3726733,23.0459396],[113.3724769,23.0461668],[113.3722807,23.0463624],[113.3720944,23.0465325],[113.3719406,23.0466665]]}},{"type":"Feature","properties":{"kind":"building","name":"梅苑餐厅"},"geometry":{"type":"Polygon","coordinates":[[[113.3722652,23.0433473],[113.3722637,23.0429073],[113.3722636,23.0428773],[113.372263,23.0427108],[113.3723496,23.0427102],[113.3723496,23.0427267],[113.3725679,23.0427271],[113.3725781,23.0427107],[113.3726968,23.0427106],[113.3726115,23.0428829],[113.3723815,23.0433471],[113.3722652,23.0433473]]]}},{"type":"Feature","properties":{"kind":"road","name":""},"geometry":{"type":"LineString","coordinates":[[113.3690185,23.0423837],[113.3689524,23.0418209]]}},{"type":"Feature","properties":{"kind":"road","name":"南沙港快速"},"geometry":{"type":"LineString","coordinates":[[113.3733253,23.025605],[113.3732498,23.0260638],[113.3731982,23.0265406],[113.3731637,23.0270261],[113.3731722,23.0275858],[113.3731964,23.0280282],[113.3732422,23.0285898],[113.3732842,23.0290295],[113.3736284,23.03224],[113.374136,23.0369739],[113.3743339,23.0386852],[113.3744215,23.0395388],[113.3744616,23.039954],[113.374491,23.0403955],[113.3744898,23.0406817],[113.3744887,23.0409017],[113.3744769,23.0412385],[113.3744515,23.0415309],[113.3744279,23.0417209],[113.3744055,23.0418949],[113.3743707,23.0420775],[113.3743231,23.0422759],[113.3742825,23.0424646],[113.3742014,23.0427579],[113.3741395,23.0429612],[113.3740605,23.0431895],[113.3739835,23.0433824],[113.3738948,23.0435829],[113.3737162,23.0439923],[113.373448,23.0444662],[113.3732106,23.0448401],[113.3727828,23.0453695],[113.372481,23.045699],[113.3721565,23.0460322],[113.3717903,23.0463395],[113.3713907,23.0466357],[113.370802,23.0470429],[113.3698846,23.0476156],[113.3690558,23.0481351],[113.3682874,23.0485954],[113.3676356,23.0490014],[113.3667518,23.0495407],[113.3659807,23.0500503],[113.3645873,23.0508685],[113.3637104,23.0513601],[113.3606411,23.0532549]]}},{"type":"Feature","properties":{"kind":"road","name":""},"geometry":{"type":"LineString","coordinates":[[113.3713076,23.046126],[113.371616,23.0459422],[113.3719392,23.0456842],[113.3723348,23.0453436],[113.3726004,23.0450573],[113.3728807,23.0446772],[113.3730778,23.044407],[113.3732696,23.0440688],[113.3734305,23.0437677],[113.3735821,23.0434296],[113.3737671,23.0430297],[113.3739066,23.0427261],[113.3740494,23.042389],[113.3743017,23.0416907]]}},{"type":"Feature","properties":{"kind":"road","name":""},"geometry":{"type":"LineString","coordinates":[[113.3736731,23.0434584],[113.3737085,23.0432207],[113.3737493,23.0430261],[113.3737803,23.0428913],[113.3738314,23.0427027],[113.3739088,23.0424383],[113.3739537,23.042279],[113.3739793,23.0421967],[113.3740016,23.0420986],[113.3740167,23.0419885],[113.3740176,23.0419305],[113.3740071,23.0418812],[113.3739909,23.041835],[113.3739547,23.0417871],[113.373917,23.0417517],[113.3738691,23.0417214],[113.3738054,23.041694],[113.3737306,23.041667],[113.3736115,23.0416474]]}},{"type":"Feature","properties":{"kind":"road","name":""},"geometry":{"type":"LineString","coordinates":[[113.3733192,23.0442064],[113.3734936,23.0440836],[113.3735914,23.0440104],[113.3736569,23.0439493],[113.3737241,23.0438466],[113.3738021,23.0436932],[113.3738989,23.0434928],[113.3739983,23.0432677],[113.3740656,23.0430587],[113.3741113,23.0428942],[113.3741704,23.042674],[113.3742282,23.0424241],[113.3742726,23.0422225],[113.3743223,23.0418563],[113.3743278,23.0417416],[113.374335,23.0415804]]}},{"type":"Feature","properties":{"kind":"road","name":""},"geometry":{"type":"LineString","coordinates":[[113.3741317,23.0393533],[113.37416,23.039317],[113.3741921,23.0392854],[113.3742327,23.0392572],[113.3742819,23.0392359],[113.374359,23.0392293],[113.3744315,23.0392395],[113.3744919,23.0392665],[113.3745569,23.0393141]]}},{"type":"Feature","properties":{"kind":"road","name":""},"geometry":{"type":"LineString","coordinates":[[113.374335,23.0415804],[113.3743352,23.0414203]]}},{"type":"Feature","properties":{"kind":"road","name":"大学城中环西路"},"geometry":{"type":"LineString","coordinates":[[113.3741228,23.0414489],[113.3743352,23.0414203]]}},{"type":"Feature","properties":{"kind":"road","name":"大学城星光下道"},"geometry":{"type":"LineString","coordinates":[[113.3741228,23.0414489],[113.3741336,23.041166],[113.3741561,23.0407961],[113.3741626,23.0405012],[113.3741665,23.0403045],[113.3741756,23.039963],[113.3741698,23.0397797],[113.3741527,23.039581],[113.3741419,23.0394526],[113.3741317,23.0393533],[113.3741095,23.0391322],[113.3740955,23.0390132]]}},{"type":"Feature","properties":{"kind":"building","name":"梅苑5栋"},"geometry":{"type":"Polygon","coordinates":[[[113.3715995,23.0428809],[113.3716011,23.0428952],[113.371694,23.042886],[113.3716924,23.0428716],[113.371933,23.0428479],[113.3719345,23.0428608],[113.3720286,23.0428516],[113.372027,23.0428384],[113.3720584,23.0428353],[113.3720491,23.0427552],[113.3720178,23.0427583],[113.3719462,23.0427653],[113.3718032,23.0427794],[113.371733,23.0427863],[113.3716345,23.0427959],[113.3715569,23.0428036],[113.3715662,23.0428842],[113.3715995,23.0428809]]]}},{"type":"Feature","properties":{"kind":"road","name":"大学城星光下道"},"geometry":{"type":"LineString","coordinates":[[113.3744853,23.042528],[113.3743966,23.0428439],[113.3743219,23.0430544],[113.3742402,23.0433058],[113.3741262,23.0435543],[113.3739705,23.0438751],[113.3738183,23.0441682],[113.3736485,23.0444434],[113.3734343,23.044756],[113.373291,23.0449612],[113.3730803,23.0452368]]}},{"type":"Feature","properties":{"kind":"road","name":"大学城星光下道"},"geometry":{"type":"LineString","coordinates":[[113.3736731,23.0434584],[113.3737752,23.0432175],[113.3738466,23.0430281],[113.3738668,23.0429559],[113.3739222,23.0427702],[113.3739715,23.0425717],[113.3740501,23.0422485],[113.374084,23.0420727],[113.3741154,23.0418382],[113.3741237,23.0417295],[113.37413,23.041597]]}},{"type":"Feature","properties":{"kind":"road","name":""},"geometry":{"type":"LineString","coordinates":[[113.3676514,23.044604],[113.3677027,23.0444511],[113.3677411,23.0443157],[113.3677621,23.0442357],[113.3677712,23.044196],[113.3677941,23.0440872],[113.3678156,23.0439484],[113.3678297,23.0437773],[113.3678363,23.0436217],[113.3678362,23.0435858],[113.3678358,23.0434775],[113.3678287,23.0433459],[113.3678161,23.043214],[113.3677922,23.0430672]]}},{"type":"Feature","properties":{"kind":"road","name":""},"geometry":{"type":"LineString","coordinates":[[113.3688102,23.0424041],[113.3690185,23.0423837]]}},{"type":"Feature","properties":{"kind":"road","name":""},"geometry":{"type":"LineString","coordinates":[[113.3687485,23.0418396],[113.3689524,23.0418209]]}},{"type":"Feature","properties":{"kind":"road","name":""},"geometry":{"type":"LineString","coordinates":[[113.3666209,23.0435158],[113.366583,23.0435968],[113.3666231,23.0436136],[113.3667227,23.0434071]]}},{"type":"Feature","properties":{"kind":"road","name":""},"geometry":{"type":"LineString","coordinates":[[113.3666209,23.0435158],[113.3666799,23.0433918],[113.3667028,23.0434011],[113.3666249,23.0435645]]}},{"type":"Feature","properties":{"kind":"road","name":""},"geometry":{"type":"LineString","coordinates":[[113.3659012,23.0432262],[113.3659581,23.0431047],[113.3659326,23.043093],[113.3659007,23.0431575],[113.3658624,23.0431399]]}},{"type":"Feature","properties":{"kind":"road","name":""},"geometry":{"type":"LineString","coordinates":[[113.3660579,23.0434042],[113.3661213,23.0434319],[113.3662345,23.0432187]]}},{"type":"Feature","properties":{"kind":"road","name":""},"geometry":{"type":"LineString","coordinates":[[113.3661759,23.0431833],[113.3662074,23.0431987],[113.3661152,23.0433704]]}},{"type":"Feature","properties":{"kind":"road","name":"大学城中环西路"},"geometry":{"type":"LineString","coordinates":[[113.3695918,23.0420472],[113.369369,23.042071],[113.3688045,23.0421307],[113.3683258,23.0421806],[113.3681548,23.0422063],[113.3680385,23.0422247],[113.3679238,23.0422506],[113.3677522,23.0423023],[113.3676011,23.042359],[113.3674281,23.0424372],[113.3673149,23.0425015],[113.3672098,23.0425666],[113.3671649,23.0426003],[113.367131,23.0426258],[113.3670597,23.0426816],[113.3669958,23.0427335]]}},{"type":"Feature","properties":{"kind":"road","name":""},"geometry":{"type":"LineString","coordinates":[[113.3680688,23.0437188],[113.3680525,23.0437231],[113.3680195,23.043732],[113.3678297,23.0437773]]}},{"type":"Feature","properties":{"kind":"road","name":""},"geometry":{"type":"LineString","coordinates":[[113.371406,23.0427089],[113.3713937,23.0426976],[113.3713883,23.0426915],[113.3713818,23.0426842],[113.3713717,23.042672],[113.3713629,23.0426587],[113.3713547,23.0426439],[113.3713483,23.0426278],[113.3713439,23.0426136],[113.3713417,23.042602],[113.3713342,23.0425615],[113.3713298,23.0425162],[113.3713281,23.0424973],[113.371327,23.0424704],[113.3713287,23.0424435],[113.3713354,23.0424182],[113.3713494,23.0423882],[113.3713575,23.0423704],[113.3713629,23.0423513],[113.3713636,23.0423308],[113.3713624,23.0423112],[113.3713602,23.0422977],[113.3713563,23.0422859],[113.3713456,23.0422627],[113.371333,23.0422411],[113.3713256,23.0422211],[113.3713206,23.0422022],[113.3713181,23.0421822],[113.3713179,23.0421625],[113.3713201,23.0421481],[113.3713244,23.0421332]]}},{"type":"Feature","properties":{"kind":"green","name":"南区篮球场"},"geometry":{"type":"Polygon","coordinates":[[[113.3713752,23.0435014],[113.3713468,23.043112],[113.3713577,23.0431116],[113.3715362,23.0431003],[113.3715646,23.0434897],[113.3713752,23.0435014]]]}},{"type":"Feature","properties":{"kind":"building","name":""},"geometry":{"type":"Polygon","coordinates":[[[113.3732028,23.0422663],[113.3731307,23.0419896],[113.3732662,23.0419597],[113.3732824,23.0420218],[113.3732376,23.0420316],[113.3732935,23.0422463],[113.3732028,23.0422663]]]}},{"type":"Feature","properties":{"kind":"green","name":"东区足球场"},"geometry":{"type":"Polygon","coordinates":[[[113.3727136,23.0409653],[113.3733849,23.0409092],[113.3733147,23.0399573],[113.3726434,23.039977],[113.3727136,23.0409653]]]}},{"type":"Feature","properties":{"kind":"green","name":""},"geometry":{"type":"Polygon","coordinates":[[[113.3726312,23.0399236],[113.3732842,23.0398815],[113.3732659,23.0395221],[113.3726129,23.0395614],[113.3726312,23.0399236]]]}},{"type":"Feature","properties":{"kind":"road","name":""},"geometry":{"type":"LineString","coordinates":[[113.371417,23.0436112],[113.3714154,23.0435756],[113.3714148,23.0435616],[113.3714119,23.0435219],[113.3714112,23.043513],[113.3714102,23.043499]]}},{"type":"Feature","properties":{"kind":"road","name":"大学城中环西路"},"geometry":{"type":"LineString","coordinates":[[113.3745338,23.0415609],[113.374335,23.0415804]]}},{"type":"Feature","properties":{"kind":"road","name":""},"geometry":{"type":"LineString","coordinates":[[113.3713505,23.0429941],[113.3713516,23.0430112],[113.3713562,23.0430874],[113.371357,23.0430999],[113.3713577,23.0431116]]}},{"type":"Feature","properties":{"kind":"road","name":""},"geometry":{"type":"LineString","coordinates":[[113.3707155,23.0431477],[113.3713183,23.0431029],[113.371357,23.0430999],[113.3715655,23.0430836],[113.372145,23.0430459]]}},{"type":"Feature","properties":{"kind":"road","name":""},"geometry":{"type":"LineString","coordinates":[[113.3696963,23.0422373],[113.3696174,23.042246],[113.3695367,23.0422549]]}},{"type":"Feature","properties":{"kind":"road","name":""},"geometry":{"type":"LineString","coordinates":[[113.3693885,23.0422661],[113.3682771,23.0423804],[113.3681399,23.0424003],[113.3680244,23.0424242],[113.3679353,23.0424472],[113.3679194,23.0424519],[113.3678171,23.0424824],[113.3677302,23.0425173],[113.3676389,23.0425582],[113.3675274,23.0426089],[113.3674495,23.0426481],[113.3673654,23.0426956],[113.3672925,23.0427421],[113.3672101,23.0427993],[113.3671392,23.0428547],[113.3670482,23.0429316],[113.3670213,23.0429557],[113.3669867,23.0429867],[113.3668416,23.0431475],[113.3667525,23.0432518],[113.3666706,23.0432584],[113.3665016,23.0435241],[113.36658,23.043576],[113.3665285,23.043698],[113.3664957,23.0437893],[113.3664682,23.0438745],[113.3664454,23.0439756],[113.3664283,23.0440852],[113.3664118,23.0442009],[113.3664065,23.0443044],[113.3664061,23.0443459],[113.3664058,23.0443872],[113.3664139,23.0445359],[113.3664286,23.0446562],[113.3664534,23.0447846],[113.3664883,23.0449234],[113.366504,23.044972],[113.3665104,23.0449919],[113.3665714,23.0451357],[113.3666372,23.0452696],[113.3667015,23.0453776],[113.3667593,23.0454604],[113.3667807,23.0454911],[113.3668524,23.0455849],[113.3669322,23.045675],[113.3669979,23.0457441],[113.367191,23.0459098],[113.3672014,23.0459187]]}},{"type":"Feature","properties":{"kind":"road","name":""},"geometry":{"type":"LineString","coordinates":[[113.3713039,23.0453687],[113.3711379,23.0451789],[113.3710657,23.0451019],[113.370973,23.045003],[113.3708371,23.0448569],[113.3707745,23.0447901],[113.3706226,23.0446236],[113.3704944,23.0444911],[113.3703821,23.0443692],[113.3703561,23.0443416],[113.3702986,23.0442804],[113.3702617,23.0442411],[113.3702014,23.0441712],[113.3701096,23.0440624],[113.3700222,23.0439489],[113.3699703,23.043872]]}},{"type":"Feature","properties":{"kind":"road","name":""},"geometry":{"type":"LineString","coordinates":[[113.3699036,23.0437664],[113.3698458,23.0436558],[113.3697934,23.0435462],[113.369751,23.0434529],[113.3697041,23.0433246],[113.3696774,23.0432506],[113.3696498,23.0431535],[113.3696139,23.0430195],[113.3695896,23.0428792],[113.3695703,23.0427372],[113.3695259,23.0423935],[113.3695179,23.0423311],[113.3695129,23.04229],[113.3695093,23.0422568]]}},{"type":"Feature","properties":{"kind":"road","name":""},"geometry":{"type":"LineString","coordinates":[[113.3699703,23.043872],[113.369944,23.0438304],[113.3699036,23.0437664]]}},{"type":"Feature","properties":{"kind":"road","name":""},"geometry":{"type":"LineString","coordinates":[[113.3693754,23.0421365],[113.3693885,23.0422661]]}},{"type":"Feature","properties":{"kind":"road","name":""},"geometry":{"type":"LineString","coordinates":[[113.3698466,23.0422223],[113.370535,23.0421525],[113.3706099,23.042145],[113.3720012,23.0420044],[113.3720781,23.0419966],[113.3729641,23.0419053]]}},{"type":"Feature","properties":{"kind":"road","name":""},"geometry":{"type":"LineString","coordinates":[[113.3731038,23.0418913],[113.3737754,23.0418205],[113.3738264,23.0418166],[113.3738645,23.0418173],[113.3738902,23.0418223],[113.3739065,23.0418283],[113.3739327,23.0418541],[113.3739398,23.0418845],[113.3739407,23.0419347],[113.3739325,23.0420655],[113.3739104,23.0421971],[113.3738459,23.0424139],[113.3737579,23.0427254],[113.373721,23.0429136],[113.3736892,23.0430824],[113.3736424,23.0432347],[113.3735615,23.0434068],[113.3734324,23.0436974],[113.3733244,23.0439089],[113.3732312,23.044071],[113.3730873,23.044306],[113.372948,23.0445174],[113.3728158,23.0447078],[113.372681,23.0448806],[113.3726136,23.0449622],[113.3725301,23.0450303],[113.3724511,23.0450833],[113.372354,23.045142],[113.3722459,23.0452363],[113.3719564,23.0455106],[113.3719189,23.0455449],[113.371889,23.0455641],[113.3718611,23.0455701],[113.3718272,23.0455727],[113.3717852,23.0455672],[113.3717725,23.0455603],[113.3717485,23.0454822],[113.3715956,23.0453375]]}},{"type":"Feature","properties":{"kind":"road","name":""},"geometry":{"type":"LineString","coordinates":[[113.3729641,23.0419053],[113.3730261,23.0419002],[113.3731038,23.0418913]]}},{"type":"Feature","properties":{"kind":"road","name":""},"geometry":{"type":"LineString","coordinates":[[113.3739783,23.0417691],[113.3739547,23.0417871],[113.3739332,23.0418035]]}},{"type":"Feature","properties":{"kind":"road","name":""},"geometry":{"type":"LineString","coordinates":[[113.3739332,23.0418035],[113.3739065,23.0418283]]}},{"type":"Feature","properties":{"kind":"road","name":""},"geometry":{"type":"LineString","coordinates":[[113.3692239,23.0423625],[113.3695179,23.0423311]]}},{"type":"Feature","properties":{"kind":"road","name":""},"geometry":{"type":"LineString","coordinates":[[113.369727,23.0422344],[113.3697307,23.0422699],[113.3697432,23.0423812],[113.3697603,23.0425194],[113.3697846,23.04271],[113.3697984,23.0428116],[113.3698145,23.04291],[113.3698419,23.0430442],[113.3698665,23.0431279],[113.3698893,23.0432099],[113.3699208,23.043293],[113.3699557,23.0433893],[113.3699961,23.0434766],[113.3700335,23.0435554],[113.3700819,23.0436448],[113.3701146,23.0437118]]}},{"type":"Feature","properties":{"kind":"road","name":""},"geometry":{"type":"LineString","coordinates":[[113.3714732,23.045215],[113.3711635,23.0449],[113.3709032,23.0446216],[113.3708445,23.0445588],[113.3705588,23.0442539],[113.3703925,23.0440732],[113.3702394,23.043888],[113.3702001,23.0438347]]}},{"type":"Feature","properties":{"kind":"road","name":""},"geometry":{"type":"LineString","coordinates":[[113.3702001,23.0438347],[113.3701777,23.0438043],[113.3701495,23.043763],[113.3701146,23.0437118]]}},{"type":"Feature","properties":{"kind":"road","name":""},"geometry":{"type":"LineString","coordinates":[[113.3727576,23.042134],[113.3729987,23.0421085],[113.3731019,23.0420976]]}},{"type":"Feature","properties":{"kind":"road","name":""},"geometry":{"type":"LineString","coordinates":[[113.37273,23.0421368],[113.3727576,23.042134]]}},{"type":"Feature","properties":{"kind":"road","name":""},"geometry":{"type":"LineString","coordinates":[[113.3727789,23.0423128],[113.3730322,23.0422873],[113.3731446,23.042276]]}},{"type":"Feature","properties":{"kind":"road","name":""},"geometry":{"type":"LineString","coordinates":[[113.3727513,23.0423173],[113.3727789,23.0423128]]}},{"type":"Feature","properties":{"kind":"building","name":"绿岛空间"},"geometry":{"type":"Polygon","coordinates":[[[113.3713591,23.0425891],[113.3713508,23.0425142],[113.3713426,23.042439],[113.3713973,23.0424339],[113.3714138,23.042584],[113.3713591,23.0425891]]]}},{"type":"Feature","properties":{"kind":"road","name":""},"geometry":{"type":"LineString","coordinates":[[113.3701146,23.0437118],[113.3701703,23.0436998],[113.3702746,23.043677],[113.3703964,23.0436503],[113.3704932,23.0436313],[113.3705955,23.0436133],[113.3707062,23.0435965],[113.3707589,23.0435903],[113.3708282,23.0435822],[113.370868,23.0435775],[113.3709597,23.0435719],[113.3710829,23.0435647],[113.3711957,23.0435619],[113.3713127,23.0435596],[113.3714148,23.0435616],[113.3715962,23.0435721],[113.3717085,23.0435803],[113.3718245,23.0435937],[113.3719419,23.0436091],[113.3720421,23.043623],[113.3720855,23.0436319],[113.3721593,23.0436471],[113.3722007,23.0436556],[113.3723424,23.0436862],[113.3725016,23.0437292],[113.3726413,23.0437666],[113.3726601,23.0437719],[113.3727136,23.0437871]]}},{"type":"Feature","properties":{"kind":"road","name":""},"geometry":{"type":"LineString","coordinates":[[113.3699036,23.0437664],[113.3700143,23.0437378],[113.3700876,23.0437188],[113.3701146,23.0437118]]}},{"type":"Feature","properties":{"kind":"road","name":""},"geometry":{"type":"LineString","coordinates":[[113.3699703,23.043872],[113.3698441,23.0439161],[113.3697598,23.0439504],[113.3696643,23.043989],[113.3695398,23.0440406],[113.369425,23.0440913],[113.3693076,23.0441435],[113.3692422,23.0441782],[113.3691802,23.044213],[113.3690879,23.044264],[113.3690009,23.0443141],[113.368903,23.0443696],[113.368797,23.0444378],[113.3686652,23.0445248],[113.3685757,23.0445865],[113.3685074,23.0446354],[113.3684627,23.0446674],[113.3683528,23.0447528],[113.3682726,23.0448222],[113.3681694,23.0449141],[113.3681224,23.0449581],[113.3681123,23.0449675],[113.3680532,23.045027],[113.3680035,23.0450789],[113.3679536,23.0451404],[113.3678886,23.0452225],[113.3677942,23.0453495]]}},{"type":"Feature","properties":{"kind":"road","name":""},"geometry":{"type":"LineString","coordinates":[[113.3699703,23.043872],[113.3700762,23.0438374],[113.3701484,23.0438138],[113.3701777,23.0438043],[113.3702209,23.0437908]]}},{"type":"Feature","properties":{"kind":"road","name":""},"geometry":{"type":"LineString","coordinates":[[113.3702209,23.0437908],[113.3703235,23.0437663],[113.3703902,23.0437523],[113.37047,23.0437355],[113.3705987,23.0437132],[113.3706668,23.0437035],[113.3707652,23.0436895]]}},{"type":"Feature","properties":{"kind":"road","name":"大学城星光下道"},"geometry":{"type":"LineString","coordinates":[[113.37413,23.041597],[113.3741287,23.0415496],[113.3741228,23.0414489]]}},{"type":"Feature","properties":{"kind":"road","name":"大学城中环西路"},"geometry":{"type":"LineString","coordinates":[[113.37413,23.041597],[113.3739967,23.0416095],[113.3739437,23.0416145],[113.3736115,23.0416474]]}},{"type":"Feature","properties":{"kind":"road","name":"大学城中环西路"},"geometry":{"type":"LineString","coordinates":[[113.374335,23.0415804],[113.37413,23.041597]]}},{"type":"Feature","properties":{"kind":"road","name":""},"geometry":{"type":"LineString","coordinates":[[113.3743352,23.0414203],[113.3743009,23.0412962],[113.374236,23.0411099],[113.3741561,23.0407961]]}},{"type":"Feature","properties":{"kind":"road","name":"大学城中环西路"},"geometry":{"type":"LineString","coordinates":[[113.3743352,23.0414203],[113.3745449,23.0413949]]}},{"type":"Feature","properties":{"kind":"road","name":""},"geometry":{"type":"LineString","coordinates":[[113.3726569,23.0438838],[113.3726038,23.0438673],[113.3725645,23.043855],[113.3725266,23.0438408],[113.3724938,23.0438287],[113.372426,23.0438106],[113.3723583,23.0437933],[113.3722862,23.0437751],[113.3722101,23.0437578],[113.372193,23.0437548],[113.3721293,23.0437424],[113.3720535,23.0437285],[113.3719694,23.043714],[113.3719067,23.043704],[113.3718862,23.0437011],[113.3718014,23.0436903],[113.3717637,23.043686],[113.3717121,23.0436802],[113.3716505,23.0436748],[113.3715949,23.0436708],[113.3715315,23.0436665],[113.3715262,23.0436661],[113.3714531,23.0436626],[113.3713216,23.0436603],[113.3711898,23.0436603],[113.3711466,23.0436617],[113.3710749,23.043664],[113.3709735,23.0436695],[113.3708514,23.0436761]]}},{"type":"Feature","properties":{"kind":"road","name":""},"geometry":{"type":"LineString","coordinates":[[113.3707652,23.0436895],[113.3708033,23.0436836],[113.3708514,23.0436761]]}},{"type":"Feature","properties":{"kind":"water","name":"合益围涌"},"geometry":{"type":"LineString","coordinates":[[113.367316,23.0439437],[113.3670609,23.044552]]}},{"type":"Feature","properties":{"kind":"water","name":"合益围涌"},"geometry":{"type":"LineString","coordinates":[[113.3678837,23.0440296],[113.3677804,23.0440081],[113.3677197,23.0439811],[113.3673963,23.0438849]]}},{"type":"Feature","properties":{"kind":"road","name":""},"geometry":{"type":"LineString","coordinates":[[113.3645355,23.0391536],[113.3645386,23.0391007]]}},{"type":"Feature","properties":{"kind":"road","name":""},"geometry":{"type":"LineString","coordinates":[[113.3699838,23.0391212],[113.3699692,23.0390354],[113.3699598,23.0389867],[113.3699551,23.0389529],[113.3699553,23.038923]]}},{"type":"Feature","properties":{"kind":"road","name":""},"geometry":{"type":"LineString","coordinates":[[113.3708023,23.0390527],[113.3708096,23.0391078]]}},{"type":"Feature","properties":{"kind":"road","name":"大学城星光下道"},"geometry":{"type":"LineString","coordinates":[[113.3727029,23.0450689],[113.3728799,23.0448443],[113.3731858,23.0444167],[113.3733192,23.0442064],[113.3733562,23.0441481],[113.3735088,23.0438455],[113.3736731,23.0434584]]}},{"type":"Feature","properties":{"kind":"road","name":"红棉路"},"geometry":{"type":"LineString","coordinates":[[113.3682848,23.0447382],[113.3684067,23.044647],[113.3684806,23.0445929],[113.3685936,23.0445127],[113.3686751,23.0444574],[113.3687869,23.0443855],[113.3689185,23.0443036],[113.369029,23.0442416],[113.3691215,23.0441905],[113.3692173,23.0441376],[113.3693264,23.0440842],[113.3694334,23.0440339],[113.369547,23.0439843],[113.3696489,23.0439411],[113.3697753,23.043892],[113.3698753,23.0438546],[113.369944,23.0438304],[113.3700488,23.0437927],[113.3701196,23.0437718],[113.3701495,23.043763],[113.3702319,23.0437387],[113.3703403,23.043714],[113.3704492,23.0436907],[113.3705515,23.0436718],[113.3706516,23.0436561],[113.3707232,23.0436457],[113.3707818,23.0436387],[113.3708428,23.043632],[113.3709552,23.0436221],[113.3710574,23.0436165],[113.3711468,23.0436129],[113.3712821,23.043611],[113.371417,23.0436112],[113.3715473,23.0436171],[113.3716869,23.0436272],[113.3717714,23.0436364],[113.3718226,23.0436419],[113.3719443,23.0436585],[113.3720587,23.043678],[113.3720769,23.0436815],[113.3721513,23.0436956],[113.3722515,23.0437179],[113.3724035,23.0437542],[113.3725242,23.0437883],[113.3726313,23.0438201],[113.3726856,23.0438362]]}},{"type":"Feature","properties":{"kind":"building","name":""},"geometry":{"type":"Polygon","coordinates":[[[113.3678172,23.0440424],[113.367446,23.0439322],[113.3675113,23.0437433],[113.3675281,23.0436896],[113.367682,23.0432409],[113.3677436,23.0432458],[113.3678411,23.0432536],[113.3678525,23.0433963],[113.3678563,23.043532],[113.367855,23.0435738],[113.3678542,23.0436],[113.3678513,23.0436957],[113.3678473,23.0437557],[113.3678449,23.0437917],[113.3678425,23.0438273],[113.3678324,23.0439322],[113.3678172,23.0440424]]]}},{"type":"Feature","properties":{"kind":"building","name":""},"geometry":{"type":"Polygon","coordinates":[[[113.3672523,23.0445276],[113.3673646,23.0441825],[113.3674125,23.0440351],[113.367446,23.0439322],[113.3678172,23.0440424],[113.3677928,23.0441641],[113.3677686,23.0442681],[113.3677548,23.0443207],[113.3677348,23.044397],[113.3676937,23.0445282],[113.367654,23.0446375],[113.3672523,23.0445276]]]}},{"type":"Feature","properties":{"kind":"building","name":""},"geometry":{"type":"Polygon","coordinates":[[[113.3677436,23.0432458],[113.3677922,23.0430672],[113.3678025,23.0430293],[113.3678152,23.0430839],[113.3678292,23.0431582],[113.3678359,23.0432092],[113.3678411,23.0432536],[113.3677436,23.0432458]]]}},{"type":"Feature","properties":{"kind":"building","name":"物业管理大楼"},"geometry":{"type":"Polygon","coordinates":[[[113.3669074,23.0445672],[113.3665589,23.0444265],[113.3665631,23.0442875],[113.3665794,23.0441486],[113.3666031,23.0440279],[113.3666415,23.0438993],[113.3667017,23.0437746],[113.3667611,23.0436607],[113.3668259,23.0435653],[113.3668483,23.0435371],[113.3669187,23.0434485],[113.3670126,23.043356],[113.3671263,23.0432624],[113.3671896,23.0432178],[113.3672269,23.0432467],[113.3672657,23.0432328],[113.3673068,23.0432242],[113.3673503,23.0432274],[113.3673922,23.0432403],[113.3674237,23.0432624],[113.3674528,23.0432964],[113.3674695,23.0433321],[113.3674718,23.0433692],[113.3674675,23.0434028],[113.36745,23.0434478],[113.3674213,23.0434843],[113.3673968,23.0435027],[113.3673601,23.0435156],[113.3673177,23.0436343],[113.3673344,23.0436386],[113.3674028,23.0436562],[113.3673859,23.04371],[113.3673189,23.0436919],[113.3670705,23.0436247],[113.367022,23.0437315],[113.3672557,23.043824],[113.3671823,23.0439708],[113.3668842,23.0438497],[113.3668163,23.0439965],[113.3671218,23.0441211],[113.3670457,23.0442715],[113.3667395,23.0441472],[113.3666758,23.0442922],[113.3669817,23.0444133],[113.3669485,23.044482],[113.366937,23.0445058],[113.3669074,23.0445672]]]}},{"type":"Feature","properties":{"kind":"building","name":""},"geometry":{"type":"Polygon","coordinates":[[[113.3673859,23.04371],[113.3675113,23.0437433],[113.3675281,23.0436896],[113.3674028,23.0436562],[113.3673859,23.04371]]]}},{"type":"Feature","properties":{"kind":"road","name":""},"geometry":{"type":"LineString","coordinates":[[113.3668452,23.0428621],[113.3668911,23.0429028],[113.3669147,23.0429237],[113.3669343,23.0429408],[113.3669867,23.0429867],[113.367019,23.0430155],[113.3670565,23.0430511],[113.3669936,23.0431198],[113.3669217,23.0432088],[113.366842,23.0433158],[113.3667554,23.0434357],[113.3667193,23.0435005],[113.3666723,23.0435851],[113.3666184,23.0436957],[113.3665782,23.0438454],[113.3665394,23.0439871],[113.3665191,23.044059],[113.3665065,23.0441336],[113.3664973,23.0442052],[113.3664929,23.044276],[113.3664918,23.0443444]]}},{"type":"Feature","properties":{"kind":"road","name":""},"geometry":{"type":"LineString","coordinates":[[113.3677922,23.0430672],[113.3677351,23.0429083],[113.367718,23.042828],[113.3677165,23.0428209],[113.3676733,23.0426641],[113.3676389,23.0425582]]}},{"type":"Feature","properties":{"kind":"road","name":""},"geometry":{"type":"LineString","coordinates":[[113.3680195,23.043732],[113.3679524,23.0436247],[113.3679401,23.0436123],[113.3679188,23.0435986],[113.3678923,23.043593],[113.3678362,23.0435858]]}},{"type":"Feature","properties":{"kind":"green","name":""},"geometry":{"type":"Polygon","coordinates":[[[113.3678473,23.0437557],[113.3680001,23.0437211],[113.3679491,23.0436395],[113.3679341,23.0436228],[113.3679201,23.0436116],[113.3679031,23.0436062],[113.3678542,23.0436],[113.3678513,23.0436957],[113.3678473,23.0437557]]]}},{"type":"Feature","properties":{"kind":"road","name":""},"geometry":{"type":"LineString","coordinates":[[113.3689277,23.0435117],[113.3690052,23.043493],[113.3696214,23.0433446],[113.3697041,23.0433246]]}},{"type":"Feature","properties":{"kind":"water","name":"合益围涌"},"geometry":{"type":"LineString","coordinates":[[113.3673963,23.0438849],[113.3673545,23.0438701]]}},{"type":"Feature","properties":{"kind":"road","name":"大学城中环西路"},"geometry":{"type":"LineString","coordinates":[[113.3668452,23.0428621],[113.3667816,23.042924],[113.3667199,23.0429946],[113.3666475,23.0430885],[113.3665916,23.0431649],[113.3665349,23.0432487],[113.3664717,23.0433512],[113.3663943,23.0434911],[113.3663381,23.0436022],[113.3662969,23.0437155],[113.3662589,23.0438314],[113.3662326,23.0439423],[113.3662132,23.0440636],[113.3662022,23.0441787],[113.3661964,23.044261],[113.3661923,23.0443498],[113.3661968,23.0445134],[113.3662109,23.0446659],[113.3662324,23.044788],[113.3662604,23.0449049],[113.3662977,23.0450204],[113.3663281,23.0451068],[113.3663614,23.0451927],[113.3663997,23.0452823],[113.3664621,23.0454131],[113.3665523,23.0455553],[113.3665962,23.0456172],[113.3666256,23.045657],[113.3667337,23.0457842],[113.3668601,23.0459175],[113.3670706,23.0461077]]}},{"type":"Feature","properties":{"kind":"road","name":"大学城中环西路"},"geometry":{"type":"LineString","coordinates":[[113.3669958,23.0427335],[113.3669565,23.0427696],[113.3668452,23.0428621]]}},{"type":"Feature","properties":{"kind":"road","name":"大学城中环西路"},"geometry":{"type":"LineString","coordinates":[[113.3736115,23.0416474],[113.3729947,23.041708],[113.3698728,23.0420159],[113.3698236,23.0420214],[113.3695918,23.0420472]]}},{"type":"Feature","properties":{"kind":"road","name":""},"geometry":{"type":"LineString","coordinates":[[113.3655973,23.0392208],[113.3656005,23.0391594]]}},{"type":"Feature","properties":{"kind":"road","name":""},"geometry":{"type":"LineString","coordinates":[[113.3699929,23.039174],[113.3699838,23.0391212]]}},{"type":"Feature","properties":{"kind":"road","name":""},"geometry":{"type":"LineString","coordinates":[[113.3690185,23.0423837],[113.3692239,23.0423625]]}},{"type":"Feature","properties":{"kind":"road","name":""},"geometry":{"type":"LineString","coordinates":[[113.3689524,23.0418209],[113.3691559,23.0417995]]}},{"type":"Feature","properties":{"kind":"road","name":""},"geometry":{"type":"LineString","coordinates":[[113.3670565,23.0430511],[113.3671224,23.0430726],[113.367144,23.0430754],[113.3671656,23.0430735],[113.3671883,23.0430638],[113.3673115,23.0429842],[113.3673829,23.0429463],[113.3674774,23.0429079],[113.3676162,23.0428565],[113.367718,23.042828]]}},{"type":"Feature","properties":{"kind":"road","name":""},"geometry":{"type":"LineString","coordinates":[[113.372182,23.0438294],[113.3721823,23.0438124],[113.372183,23.0437997],[113.3721845,23.0437893],[113.3721871,23.0437761],[113.372193,23.0437548]]}},{"type":"Feature","properties":{"kind":"road","name":""},"geometry":{"type":"LineString","coordinates":[[113.3697384,23.0430686],[113.3698115,23.0430514],[113.3698419,23.0430442],[113.3699231,23.0430244],[113.3699418,23.0430198],[113.3699985,23.0430059]]}},{"type":"Feature","properties":{"kind":"building","name":""},"geometry":{"type":"Polygon","coordinates":[[[113.3713474,23.0423637],[113.3713367,23.0422751],[113.3712981,23.042279],[113.3713087,23.0423676],[113.3713474,23.0423637]]]}},{"type":"Feature","properties":{"kind":"road","name":""},"geometry":{"type":"LineString","coordinates":[[113.3706099,23.042145],[113.37061,23.0421786],[113.3706116,23.0422676],[113.3706142,23.0423898],[113.3706194,23.0424668],[113.3706229,23.0425188],[113.370633,23.0426496],[113.3706354,23.0426719],[113.3706477,23.0427841],[113.3706947,23.0430569],[113.3707155,23.0431477],[113.3707282,23.0432117],[113.3707579,23.0433284],[113.3707731,23.0433882],[113.3708176,23.0435462],[113.3708245,23.0435697],[113.3708282,23.0435822],[113.3708428,23.043632]]}},{"type":"Feature","properties":{"kind":"road","name":""},"geometry":{"type":"LineString","coordinates":[[113.3707818,23.0436387],[113.3707589,23.0435903],[113.3707533,23.0435776],[113.370744,23.0435502],[113.3707222,23.0434857],[113.3706794,23.0433302],[113.3706444,23.0431784],[113.3706399,23.0431536],[113.3706232,23.0430604],[113.3705733,23.0427738],[113.3705614,23.0426809],[113.3705585,23.0426607],[113.3705478,23.0425503],[113.3705441,23.0424802],[113.3705418,23.0424238],[113.3705385,23.0422744],[113.3705358,23.0421864],[113.370535,23.0421525]]}},{"type":"Feature","properties":{"kind":"green","name":""},"geometry":{"type":"Polygon","coordinates":[[[113.3705639,23.0425054],[113.370603,23.0425023],[113.370607,23.0425487],[113.3706129,23.0426235],[113.3706184,23.0426723],[113.3706264,23.042744],[113.3705887,23.0427491],[113.3705815,23.0426931],[113.3705745,23.0426289],[113.3705696,23.0425654],[113.3705639,23.0425054]]]}},{"type":"Feature","properties":{"kind":"green","name":""},"geometry":{"type":"Polygon","coordinates":[[[113.3708281,23.0424372],[113.3710692,23.0424137],[113.3710658,23.0423857],[113.3711315,23.0423786],[113.371125,23.0423218],[113.3708789,23.0423465],[113.3708856,23.0424054],[113.3708256,23.0424119],[113.3708281,23.0424372]]]}},{"type":"Feature","properties":{"kind":"green","name":""},"geometry":{"type":"Polygon","coordinates":[[[113.3711406,23.0424578],[113.3711471,23.0425146],[113.370901,23.0425393],[113.3708947,23.042481],[113.370833,23.0424862],[113.3708302,23.0424582],[113.3710715,23.0424347],[113.3710749,23.0424643],[113.3711406,23.0424578]]]}},{"type":"Feature","properties":{"kind":"green","name":""},"geometry":{"type":"Polygon","coordinates":[[[113.3700301,23.0424881],[113.3700238,23.0424312],[113.37027,23.0424073],[113.3702761,23.0424657],[113.3703379,23.0424606],[113.3703405,23.0424887],[113.3700991,23.0425114],[113.3700959,23.0424817],[113.3700301,23.0424881]]]}},{"type":"Feature","properties":{"kind":"green","name":""},"geometry":{"type":"Polygon","coordinates":[[[113.3703425,23.0425097],[113.3701014,23.0425323],[113.3701046,23.0425604],[113.3700389,23.0425673],[113.3700452,23.0426241],[113.3702914,23.0426002],[113.3702849,23.0425413],[113.3703449,23.042535],[113.3703425,23.0425097]]]}},{"type":"Feature","properties":{"kind":"road","name":""},"geometry":{"type":"LineString","coordinates":[[113.3709558,23.0428577],[113.3709427,23.0427548]]}},{"type":"Feature","properties":{"kind":"road","name":""},"geometry":{"type":"LineString","coordinates":[[113.3702737,23.0429303],[113.3702574,23.0428129]]}},{"type":"Feature","properties":{"kind":"building","name":"梅苑7栋"},"geometry":{"type":"Polygon","coordinates":[[[113.370337,23.0430169],[113.3703349,23.0430032],[113.3702336,23.0430165],[113.3702358,23.0430311],[113.3701064,23.043048],[113.3701042,23.0430334],[113.3700048,23.0430464],[113.3699985,23.0430059],[113.3699925,23.0429668],[113.3701314,23.0429486],[113.3702737,23.0429303],[113.3705373,23.0428956],[113.3705519,23.0428937],[113.3705642,23.0429732],[113.3704626,23.0429865],[113.3704647,23.0430001],[113.370337,23.0430169]]]}},{"type":"Feature","properties":{"kind":"building","name":"梅苑4栋"},"geometry":{"type":"Polygon","coordinates":[[[113.3699559,23.0427275],[113.3705184,23.0426716],[113.3705088,23.0425903],[113.3704021,23.0426009],[113.370404,23.0426173],[113.37035,23.0426227],[113.3703467,23.0425942],[113.3703578,23.042593],[113.3703523,23.0425463],[113.3702994,23.0425516],[113.370305,23.0425983],[113.3703162,23.0425972],[113.3703195,23.0426257],[113.370018,23.0426557],[113.3700052,23.0425468],[113.3700351,23.0425438],[113.3700362,23.0425531],[113.3700863,23.0425481],[113.3700808,23.0425013],[113.3700307,23.0425064],[113.3700318,23.0425157],[113.3700019,23.0425187],[113.3699889,23.0424078],[113.370061,23.0424006],[113.3702708,23.04238],[113.3702897,23.042378],[113.3702928,23.0424043],[113.3702816,23.0424054],[113.3702871,23.0424521],[113.37034,23.0424468],[113.3703345,23.0424001],[113.3703233,23.0424012],[113.3703202,23.0423749],[113.3704571,23.0423613],[113.3704588,23.0423751],[113.3704828,23.0423728],[113.3704733,23.0422923],[113.3703323,23.0423063],[113.370263,23.0423133],[113.3700533,23.042334],[113.3699114,23.0423482],[113.3699559,23.0427275]]]}},{"type":"Feature","properties":{"kind":"building","name":"梅苑3栋"},"geometry":{"type":"Polygon","coordinates":[[[113.3706967,23.0426534],[113.3712581,23.0425997],[113.3712153,23.0422216],[113.3706522,23.0422755],[113.3706595,23.0423404],[113.3708212,23.042325],[113.3708244,23.0423534],[113.3708132,23.0423544],[113.3708185,23.0424012],[113.3708714,23.0423961],[113.3708662,23.0423494],[113.3708549,23.0423505],[113.3708517,23.042322],[113.3711518,23.0422933],[113.3711641,23.0424023],[113.3711337,23.0424052],[113.3711326,23.0423959],[113.3710825,23.0424007],[113.3710878,23.0424474],[113.3711379,23.0424426],[113.3711368,23.0424333],[113.3711673,23.0424303],[113.3711798,23.0425412],[113.3708803,23.0425698],[113.3708773,23.0425435],[113.3708885,23.0425424],[113.3708832,23.0424957],[113.3708303,23.0425008],[113.3708356,23.0425475],[113.3708467,23.0425464],[113.370848,23.0425577],[113.3706876,23.0425731],[113.3706967,23.0426534]]]}},{"type":"Feature","properties":{"kind":"building","name":"梅苑6栋"},"geometry":{"type":"Polygon","coordinates":[[[113.3707521,23.0429591],[113.3707539,23.0429737],[113.3708467,23.0429643],[113.3708449,23.0429496],[113.3710856,23.0429253],[113.3710873,23.0429393],[113.3711808,23.0429299],[113.3711791,23.0429158],[113.3712111,23.0429126],[113.3712016,23.0428329],[113.3709558,23.0428577],[113.3707095,23.0428825],[113.370719,23.0429624],[113.3707521,23.0429591]]]}},{"type":"Feature","properties":{"kind":"road","name":""},"geometry":{"type":"LineString","coordinates":[[113.371506,23.0429792],[113.3715037,23.0429606],[113.3714741,23.0427196],[113.3714719,23.0427021]]}},{"type":"Feature","properties":{"kind":"road","name":""},"geometry":{"type":"LineString","coordinates":[[113.3712934,23.0429996],[113.3712914,23.042982],[113.3712633,23.0427407],[113.3712612,23.0427231]]}},{"type":"Feature","properties":{"kind":"building","name":"梅苑2栋"},"geometry":{"type":"Polygon","coordinates":[[[113.3719926,23.0421411],[113.3714672,23.0421936],[113.3715117,23.0425709],[113.3720394,23.0425182],[113.3720317,23.0424529],[113.3719993,23.0424562],[113.371902,23.0424659],[113.371899,23.0424381],[113.3719102,23.0424371],[113.3719053,23.0423904],[113.3718524,23.0423951],[113.3718573,23.0424418],[113.3718685,23.0424408],[113.3718715,23.0424689],[113.3715757,23.0424984],[113.3715628,23.0423884],[113.3715916,23.0423858],[113.3715926,23.0423951],[113.3716428,23.0423907],[113.3716379,23.0423439],[113.3715877,23.0423484],[113.3715887,23.0423577],[113.3715594,23.0423604],[113.3715465,23.042251],[113.3718449,23.0422212],[113.3718477,23.0422477],[113.3718364,23.0422487],[113.3718413,23.0422954],[113.3718943,23.0422907],[113.3718893,23.0422439],[113.3718782,23.0422449],[113.3718754,23.0422181],[113.3719701,23.0422087],[113.3720002,23.0422057],[113.3719926,23.0421411]]]}},{"type":"Feature","properties":{"kind":"green","name":""},"geometry":{"type":"Polygon","coordinates":[[[113.3715861,23.0423323],[113.3715798,23.0422754],[113.371826,23.0422516],[113.3718321,23.0423099],[113.3718938,23.0423049],[113.3718965,23.042333],[113.3716551,23.0423556],[113.3716518,23.042326],[113.3715861,23.0423323]]]}},{"type":"Feature","properties":{"kind":"green","name":""},"geometry":{"type":"Polygon","coordinates":[[[113.3718985,23.0423539],[113.3716573,23.0423766],[113.3716606,23.0424047],[113.3715949,23.0424115],[113.3716012,23.0424683],[113.3718473,23.0424445],[113.3718409,23.0423855],[113.3719009,23.0423792],[113.3718985,23.0423539]]]}},{"type":"Feature","properties":{"kind":"green","name":""},"geometry":{"type":"Polygon","coordinates":[[[113.3723246,23.0422871],[113.3725657,23.0422636],[113.3725623,23.0422356],[113.372628,23.0422285],[113.3726215,23.0421717],[113.3723754,23.0421964],[113.3723821,23.0422553],[113.3723221,23.0422618],[113.3723246,23.0422871]]]}},{"type":"Feature","properties":{"kind":"green","name":""},"geometry":{"type":"Polygon","coordinates":[[[113.3726371,23.0423077],[113.3726436,23.0423645],[113.3723975,23.0423892],[113.3723912,23.0423309],[113.3723295,23.0423362],[113.3723267,23.0423081],[113.372568,23.0422846],[113.3725714,23.0423142],[113.3726371,23.0423077]]]}},{"type":"Feature","properties":{"kind":"road","name":""},"geometry":{"type":"LineString","coordinates":[[113.3726212,23.0425861],[113.3727283,23.0425261]]}},{"type":"Feature","properties":{"kind":"road","name":""},"geometry":{"type":"LineString","coordinates":[[113.3726965,23.0426117],[113.3727283,23.0425261],[113.3727531,23.0424586]]}},{"type":"Feature","properties":{"kind":"road","name":""},"geometry":{"type":"LineString","coordinates":[[113.372116,23.042523],[113.3715,23.0425859],[113.3714537,23.0421844],[113.3720331,23.0421264],[113.3721079,23.0421196],[113.3727197,23.0420566],[113.37273,23.0421368],[113.3727513,23.0423173],[113.372768,23.0424571],[113.3727531,23.0424586],[113.3721913,23.0425136]]}},{"type":"Feature","properties":{"kind":"building","name":"梅苑1栋"},"geometry":{"type":"Polygon","coordinates":[[[113.372229,23.042498],[113.3727545,23.0424464],[113.3727107,23.042069],[113.372183,23.0421208],[113.3721905,23.0421861],[113.3722273,23.0421825],[113.3723203,23.0421734],[113.3723231,23.0422011],[113.3723119,23.0422021],[113.3723168,23.0422489],[113.3723697,23.0422442],[113.3723649,23.0421975],[113.3723537,23.0421984],[113.3723508,23.0421704],[113.3726466,23.0421413],[113.3726593,23.0422514],[113.3726304,23.0422539],[113.3726295,23.0422446],[113.3725793,23.042249],[113.3725841,23.0422957],[113.3726343,23.0422914],[113.3726333,23.042282],[113.3726626,23.0422794],[113.3726752,23.0423888],[113.3723769,23.0424181],[113.3723741,23.0423917],[113.3723854,23.0423907],[113.3723806,23.0423439],[113.3723276,23.0423485],[113.3723324,23.0423953],[113.3723436,23.0423943],[113.3723464,23.0424211],[113.3722584,23.0424298],[113.3722215,23.0424334],[113.372229,23.042498]]]}},{"type":"Feature","properties":{"kind":"green","name":""},"geometry":{"type":"Polygon","coordinates":[[[113.370694,23.0433099],[113.3706782,23.0432478],[113.3706621,23.0431797],[113.3706504,23.0431232],[113.370642,23.0430775],[113.3706801,23.0430713],[113.3706968,23.0431552],[113.3707141,23.0432287],[113.3707327,23.0433017],[113.370694,23.0433099]]]}},{"type":"Feature","properties":{"kind":"road","name":""},"geometry":{"type":"LineString","coordinates":[[113.3726115,23.0428829],[113.3726539,23.0429039]]}},{"type":"Feature","properties":{"kind":"road","name":""},"geometry":{"type":"LineString","coordinates":[[113.3722636,23.0428773],[113.3722207,23.0428772]]}},{"type":"Feature","properties":{"kind":"road","name":""},"geometry":{"type":"LineString","coordinates":[[113.3718032,23.0427794],[113.3718017,23.0427669],[113.3717905,23.0426705]]}},{"type":"Feature","properties":{"kind":"road","name":""},"geometry":{"type":"LineString","coordinates":[[113.3715664,23.0427906],[113.3718017,23.0427669],[113.3721375,23.0427332]]}},{"type":"Feature","properties":{"kind":"green","name":""},"geometry":{"type":"Polygon","coordinates":[[[113.3720033,23.0426672],[113.3720127,23.0426676],[113.3720213,23.0426709],[113.3720287,23.042676],[113.3720345,23.0426828],[113.3720382,23.0426906],[113.3720391,23.0427],[113.3720381,23.0427086],[113.3720348,23.0427165],[113.3720293,23.0427235],[113.3720221,23.0427289],[113.3720136,23.0427325],[113.3719493,23.0427388],[113.3719431,23.0426728],[113.3720033,23.0426672]]]}},{"type":"Feature","properties":{"kind":"road","name":""},"geometry":{"type":"LineString","coordinates":[[113.3724185,23.0433842],[113.3723868,23.0433783],[113.3723637,23.0433771],[113.3722651,23.0433765]]}},{"type":"Feature","properties":{"kind":"road","name":""},"geometry":{"type":"LineString","coordinates":[[113.3713458,23.043517],[113.3713183,23.0431029]]}},{"type":"Feature","properties":{"kind":"road","name":""},"geometry":{"type":"LineString","coordinates":[[113.3721089,23.0434706],[113.3715918,23.043502],[113.3714112,23.043513],[113.3713458,23.043517],[113.3708176,23.0435462],[113.370744,23.0435502]]}},{"type":"Feature","properties":{"kind":"road","name":""},"geometry":{"type":"LineString","coordinates":[[113.3717005,23.0431935],[113.3717917,23.0431889],[113.3718121,23.0431899],[113.3718317,23.0431948],[113.3718497,23.0432035],[113.3718653,23.0432156],[113.3718777,23.0432305],[113.3718863,23.0432474],[113.3718899,23.0432589],[113.3718908,23.0432657],[113.3718909,23.0432845],[113.3718866,23.0433028],[113.3718781,23.0433198],[113.3718658,23.0433348],[113.3718504,23.043347],[113.3718324,23.0433558],[113.3718128,23.0433609],[113.3717925,23.043362],[113.3717079,23.0433654]]}},{"type":"Feature","properties":{"kind":"road","name":""},"geometry":{"type":"LineString","coordinates":[[113.3720167,23.0432529],[113.3721326,23.0432482]]}},{"type":"Feature","properties":{"kind":"road","name":""},"geometry":{"type":"LineString","coordinates":[[113.3718899,23.0432589],[113.3720167,23.0432529]]}},{"type":"Feature","properties":{"kind":"road","name":""},"geometry":{"type":"LineString","coordinates":[[113.3719056,23.0439257],[113.3719059,23.0439576],[113.3719046,23.0439831],[113.3719041,23.0439891],[113.3719018,23.0439946],[113.3718978,23.0439992],[113.3718925,23.0440026],[113.3718864,23.0440044],[113.37188,23.0440048],[113.3715213,23.0440045]]}},{"type":"Feature","properties":{"kind":"road","name":""},"geometry":{"type":"LineString","coordinates":[[113.3723858,23.0435616],[113.3726757,23.0436334],[113.3727854,23.0436606]]}},{"type":"Feature","properties":{"kind":"green","name":""},"geometry":{"type":"Polygon","coordinates":[[[113.3704174,23.0433119],[113.3704241,23.0433112],[113.3704291,23.0433117],[113.3704343,23.0433137],[113.3704387,23.0433166],[113.3704419,23.043321],[113.3704442,23.0433262],[113.3704494,23.0433454],[113.3704508,23.0433485],[113.3704523,23.043351],[113.3704552,23.0433541],[113.3704575,23.0433562],[113.3704604,23.043358],[113.3704643,23.0433594],[113.370468,23.0433603],[113.3704727,23.0433609],[113.3704767,23.0433609],[113.3704802,23.0433607],[113.3705277,23.0433506],[113.3705311,23.0433506],[113.3705349,23.0433512],[113.3705378,23.0433521],[113.3705404,23.0433544],[113.3705441,23.0433595],[113.370548,23.0433669],[113.3705507,23.0433757],[113.370552,23.0433845],[113.370551,23.0433939],[113.3705502,23.0433982],[113.3705478,23.0434015],[113.3705441,23.0434041],[113.3705399,23.043406],[113.3704658,23.0434226],[113.3703554,23.0433447],[113.3703506,23.0433266],[113.3704174,23.0433119]]]}},{"type":"Feature","properties":{"kind":"green","name":""},"geometry":{"type":"Polygon","coordinates":[[[113.3703274,23.0433484],[113.3704628,23.0434425],[113.3704699,23.043471],[113.3702673,23.0435133],[113.3702579,23.0434752],[113.3702979,23.0434668],[113.3702798,23.0433937],[113.3702419,23.0434017],[113.3702336,23.043368],[113.3703274,23.0433484]]]}},{"type":"Feature","properties":{"kind":"building","name":"梅苑10栋"},"geometry":{"type":"Polygon","coordinates":[[[113.3701703,23.04365],[113.370311,23.0436218],[113.3705168,23.0435812],[113.3705836,23.0435677],[113.3706875,23.0435471],[113.3706722,23.0434819],[113.3705683,23.0435025],[113.3705488,23.0435065],[113.3705428,23.0434805],[113.3705538,23.0434784],[113.3705432,23.0434324],[113.3704912,23.0434426],[113.3705018,23.0434885],[113.3705128,23.0434864],[113.3705189,23.0435125],[113.3705017,23.0435163],[113.3702959,23.0435569],[113.3702256,23.0435713],[113.3701989,23.0434625],[113.3702294,23.0434565],[113.3702315,23.0434657],[113.3702808,23.0434561],[113.3702702,23.0434101],[113.3702209,23.0434197],[113.370223,23.0434289],[113.3701922,23.043435],[113.3701661,23.0433287],[113.3704623,23.0432695],[113.3704685,23.0432966],[113.3704575,23.0432987],[113.3704681,23.0433447],[113.3705201,23.0433345],[113.3705095,23.0432886],[113.3704985,23.0432907],[113.3704923,23.0432635],[113.3706155,23.0432389],[113.3706,23.0431746],[113.3700821,23.0432782],[113.3701703,23.04365]]]}},{"type":"Feature","properties":{"kind":"green","name":""},"geometry":{"type":"Polygon","coordinates":[[[113.3710101,23.0432588],[113.3710023,23.0432601],[113.3709951,23.043263],[113.3709889,23.0432675],[113.3709841,23.0432733],[113.3709812,23.04328],[113.3709803,23.0432872],[113.3709814,23.0432944],[113.3709845,23.0433011],[113.3709894,23.0433068],[113.3711185,23.0433993],[113.371196,23.0433945],[113.3711933,23.0433575],[113.3711536,23.04336],[113.3711482,23.0432863],[113.3711883,23.0432839],[113.3711856,23.0432479],[113.3710101,23.0432588]]]}},{"type":"Feature","properties":{"kind":"green","name":""},"geometry":{"type":"Polygon","coordinates":[[[113.3710643,23.0433833],[113.3710661,23.0433849],[113.3710675,23.0433868],[113.3710684,23.0433889],[113.3710689,23.0433911],[113.371069,23.0433934],[113.3710685,23.0433957],[113.3710675,23.0433978],[113.3710662,23.0433998],[113.3710644,23.0434014],[113.3710624,23.0434027],[113.3710601,23.0434036],[113.3710576,23.043404],[113.3710551,23.0434041],[113.3709919,23.0434057],[113.370981,23.0433958],[113.3709758,23.0433376],[113.3709843,23.0433277],[113.3710643,23.0433833]]]}},{"type":"Feature","properties":{"kind":"building","name":"梅苑9栋"},"geometry":{"type":"Polygon","coordinates":[[[113.3712448,23.0433322],[113.3712526,23.0434434],[113.3711832,23.0434482],[113.3709732,23.0434593],[113.3709543,23.0434611],[113.3709523,23.043434],[113.3709636,23.0434333],[113.3709602,23.0433865],[113.3709071,23.0433897],[113.3709105,23.0434366],[113.3709217,23.0434359],[113.3709237,23.043463],[113.3709057,23.0434641],[113.3708884,23.043465],[113.3708672,23.0434662],[113.3708713,23.0435306],[113.3709098,23.0435286],[113.3709772,23.0435239],[113.3711872,23.0435128],[113.3713299,23.0435036],[113.3713033,23.0431248],[113.3711589,23.0431337],[113.3709483,23.0431455],[113.3708811,23.04315],[113.3707734,23.043156],[113.3707777,23.0432218],[113.3708757,23.0432163],[113.3708854,23.0432158],[113.3709052,23.0432144],[113.3709072,23.0432422],[113.370896,23.0432429],[113.3708993,23.0432898],[113.3709524,23.0432866],[113.370949,23.0432397],[113.3709378,23.0432404],[113.3709358,23.0432126],[113.3709527,23.0432113],[113.3711633,23.0431994],[113.3712352,23.0431948],[113.3712428,23.043304],[113.3712135,23.0433058],[113.3712128,23.0432965],[113.3711625,23.0432996],[113.3711659,23.0433464],[113.3712162,23.0433434],[113.3712155,23.043334],[113.3712448,23.0433322]]]}},{"type":"Feature","properties":{"kind":"road","name":""},"geometry":{"type":"LineString","coordinates":[[113.3715962,23.0435721],[113.3715924,23.043512],[113.3715918,23.043502],[113.3715655,23.0430836],[113.3715647,23.0430711],[113.3715583,23.0429917],[113.3715572,23.0429743]]}},{"type":"Feature","properties":{"kind":"green","name":""},"geometry":{"type":"Polygon","coordinates":[[[113.3718012,23.0433519],[113.3717195,23.0433561],[113.3717172,23.0433182],[113.371762,23.0433159],[113.3717573,23.0432395],[113.371713,23.0432418],[113.3717106,23.0432023],[113.3717926,23.043198],[113.3718088,23.0431988],[113.3718213,23.0432014],[113.3718356,23.0432071],[113.3718472,23.0432135],[113.3718579,23.0432222],[113.3718669,23.0432331],[113.3718735,23.0432449],[113.3718782,23.0432576],[113.3718799,23.0432711],[113.3718797,23.0432842],[113.3718758,23.0432983],[113.3718712,23.0433098],[113.3718631,23.0433214],[113.3718538,23.043331],[113.3718416,23.0433393],[113.3718294,23.0433456],[113.3718175,23.0433497],[113.3718012,23.0433519]]]}},{"type":"Feature","properties":{"kind":"building","name":"梅苑8栋"},"geometry":{"type":"Polygon","coordinates":[[[113.3716625,23.0432686],[113.3716553,23.0431582],[113.3718862,23.0431455],[113.3718879,23.0431728],[113.3718766,23.0431734],[113.3718796,23.0432203],[113.3719327,23.0432174],[113.3719297,23.0431705],[113.3719185,23.0431711],[113.3719168,23.0431438],[113.3719623,23.0431413],[113.3719632,23.0431548],[113.3720135,23.0431521],[113.372079,23.0431484],[113.3720738,23.0430684],[113.3715806,23.0430956],[113.3716053,23.0434752],[113.3717497,23.0434667],[113.3718896,23.0434601],[113.3719617,23.0434556],[113.3720649,23.0434499],[113.3720596,23.0433677],[113.3720217,23.0433697],[113.3719505,23.0433737],[113.3719517,23.0433919],[113.3719333,23.0433929],[113.3719315,23.0433649],[113.3719427,23.0433643],[113.3719397,23.0433174],[113.3718866,23.0433202],[113.3718896,23.0433671],[113.3719009,23.0433665],[113.3719027,23.0433946],[113.371886,23.0433961],[113.3717461,23.0434027],[113.3716716,23.0434074],[113.3716644,23.0432967],[113.3716958,23.043295],[113.3716964,23.0433044],[113.3717467,23.0433016],[113.3717437,23.0432547],[113.3716934,23.0432575],[113.371694,23.0432668],[113.3716625,23.0432686]]]}},{"type":"Feature","properties":{"kind":"building","name":""},"geometry":{"type":"Polygon","coordinates":[[[113.3722798,23.0436441],[113.3722223,23.0436308],[113.3722345,23.0435863],[113.3722919,23.0435996],[113.3722798,23.0436441]]]}},{"type":"Feature","properties":{"kind":"road","name":""},"geometry":{"type":"LineString","coordinates":[[113.3721384,23.0427471],[113.3722139,23.0427422]]}},{"type":"Feature","properties":{"kind":"road","name":""},"geometry":{"type":"LineString","coordinates":[[113.3721437,23.0428532],[113.3722195,23.0428507]]}},{"type":"Feature","properties":{"kind":"road","name":""},"geometry":{"type":"LineString","coordinates":[[113.3722232,23.0429643],[113.3721451,23.0429637]]}},{"type":"Feature","properties":{"kind":"road","name":""},"geometry":{"type":"LineString","coordinates":[[113.3722651,23.0433765],[113.3721978,23.0433803],[113.3721212,23.0433712]]}},{"type":"Feature","properties":{"kind":"road","name":""},"geometry":{"type":"LineString","coordinates":[[113.3721445,23.042918],[113.3715572,23.0429743],[113.371506,23.0429792],[113.3713505,23.0429941],[113.3712934,23.0429996],[113.3706947,23.0430569],[113.3706232,23.0430604],[113.3701142,23.0431356],[113.3700941,23.0431361],[113.3700742,23.0431343],[113.3700546,23.0431302],[113.3700358,23.0431239],[113.3700179,23.0431156],[113.3700013,23.0431053],[113.3699861,23.0430932],[113.3699727,23.0430795],[113.3699612,23.0430644],[113.3699519,23.043048],[113.3699448,23.0430308],[113.3699418,23.0430198],[113.36994,23.0430129],[113.3699377,23.0429945],[113.3699378,23.0429761],[113.3699404,23.0429578],[113.3699455,23.0429399],[113.3699528,23.0429228],[113.3699624,23.0429066],[113.3699741,23.0428916],[113.3699877,23.0428781],[113.3700031,23.0428662],[113.3700198,23.0428561],[113.3700379,23.042848],[113.3700568,23.042842],[113.3700764,23.0428381],[113.3702574,23.0428129],[113.3705733,23.0427738],[113.3706477,23.0427841],[113.3709427,23.0427548],[113.3712612,23.0427231],[113.371406,23.0427089],[113.3714719,23.0427021],[113.3717905,23.0426705],[113.3721085,23.0426388],[113.3721312,23.0426365],[113.3722064,23.0426289],[113.3725927,23.0425864],[113.3726136,23.0425857],[113.3726212,23.0425861],[113.372629,23.0425865],[113.3726331,23.0425867],[113.3726539,23.0425904],[113.3726721,23.0425969],[113.3726965,23.0426117],[113.3727076,23.0426232],[113.3727153,23.042632],[113.3727206,23.0426398],[113.3727316,23.04266],[113.3727362,23.0426711],[113.3727373,23.0426755],[113.3727402,23.0426876],[113.3727405,23.0427082],[113.3727368,23.0427283],[113.3727281,23.0427517],[113.3726539,23.0429039],[113.3726107,23.0429924],[113.3725505,23.0431159],[113.3724223,23.0433788],[113.3724185,23.0433842],[113.3724114,23.0433939],[113.3723967,23.0434089],[113.3723821,23.0434209],[113.3723653,23.0434302],[113.3723459,23.0434357],[113.3723244,23.043437],[113.3722604,23.0434364],[113.3721907,23.0434355]]}},{"type":"Feature","properties":{"kind":"road","name":""},"geometry":{"type":"LineString","coordinates":[[113.3720769,23.0436815],[113.3720855,23.0436319],[113.372088,23.0436176],[113.3721048,23.0435005],[113.3721089,23.0434706],[113.3721156,23.0434228],[113.3721212,23.0433712],[113.3721263,23.0433253],[113.3721326,23.0432482],[113.3721337,23.0432358],[113.372141,23.0431451],[113.3721444,23.0430877],[113.372145,23.0430459],[113.3721451,23.0429637],[113.3721445,23.042918],[113.3721437,23.0428532],[113.3721384,23.0427471],[113.3721375,23.0427332],[113.3721312,23.0426365],[113.3721229,23.0425691],[113.372116,23.042523],[113.3721082,23.0424707],[113.3720908,23.0423738],[113.3720805,23.0423254],[113.3720747,23.0422982],[113.3720535,23.0422109],[113.3720331,23.0421264],[113.3720194,23.0420752],[113.3720012,23.0420044]]}},{"type":"Feature","properties":{"kind":"road","name":""},"geometry":{"type":"LineString","coordinates":[[113.3720781,23.0419966],[113.3720951,23.0420674],[113.3721079,23.0421196],[113.372133,23.0422211],[113.3721472,23.042272],[113.3721559,23.0423144],[113.3721706,23.0423908],[113.3721893,23.0425012],[113.3721913,23.0425136],[113.372198,23.0425564],[113.3722064,23.0426289],[113.3722118,23.0427064],[113.3722139,23.0427422],[113.3722172,23.0427989],[113.3722195,23.0428507],[113.3722207,23.0428772],[113.3722215,23.042894],[113.3722232,23.0429643],[113.3722218,23.0430674],[113.3722168,23.043167],[113.3722111,23.0432472],[113.3722034,23.0433358],[113.3721978,23.0433803],[113.3721937,23.0434135],[113.3721907,23.0434355],[113.3721823,23.0434971],[113.3721618,23.0436326],[113.3721593,23.0436471],[113.3721513,23.0436956]]}},{"type":"Feature","properties":{"kind":"green","name":""},"geometry":{"type":"Polygon","coordinates":[[[113.3721478,23.0426158],[113.3721434,23.0425879],[113.3721382,23.0425501],[113.3721328,23.0425122],[113.3721307,23.0424932],[113.3721255,23.042465],[113.3721203,23.0424364],[113.3721152,23.0424082],[113.3721099,23.0423801],[113.3721057,23.0423576],[113.3721441,23.0423519],[113.3721488,23.0423752],[113.372154,23.0424033],[113.3721592,23.0424319],[113.3721643,23.0424605],[113.372169,23.0424912],[113.3721744,23.0425287],[113.3721796,23.0425665],[113.372186,23.0426126],[113.3721478,23.0426158]]]}},{"type":"Feature","properties":{"kind":"green","name":""},"geometry":{"type":"Polygon","coordinates":[[[113.3721564,23.0427103],[113.3721533,23.0426749],[113.3721887,23.0426723],[113.3721918,23.0427076],[113.3721564,23.0427103]]]}},{"type":"Feature","properties":{"kind":"green","name":""},"geometry":{"type":"Polygon","coordinates":[[[113.3721643,23.0428209],[113.3721615,23.0427855],[113.3721969,23.0427832],[113.3721997,23.0428185],[113.3721643,23.0428209]]]}},{"type":"Feature","properties":{"kind":"green","name":""},"geometry":{"type":"Polygon","coordinates":[[[113.3721683,23.0429196],[113.3721688,23.0428841],[113.3722043,23.0428845],[113.3722038,23.04292],[113.3721683,23.0429196]]]}},{"type":"Feature","properties":{"kind":"green","name":""},"geometry":{"type":"Polygon","coordinates":[[[113.3721503,23.0433008],[113.3721536,23.0432576],[113.3721568,23.0432103],[113.372162,23.04312],[113.3721643,23.0430488],[113.3721655,23.0430146],[113.3722042,23.0430148],[113.3722031,23.0430874],[113.3722002,23.043175],[113.372198,23.0432031],[113.3721957,23.0432313],[113.3721928,23.0432596],[113.3721907,23.0432878],[113.3721883,23.0433032],[113.3721503,23.0433008]]]}},{"type":"Feature","properties":{"kind":"green","name":""},"geometry":{"type":"Polygon","coordinates":[[[113.3721142,23.0435823],[113.3721209,23.0435409],[113.3721273,23.0434971],[113.372135,23.0434422],[113.3721716,23.0434459],[113.3721669,23.043482],[113.3721605,23.0435252],[113.3721511,23.0435869],[113.3721142,23.0435823]]]}},{"type":"Feature","properties":{"kind":"road","name":""},"geometry":{"type":"LineString","coordinates":[[113.3714479,23.0439107],[113.3715185,23.0438513],[113.3715211,23.0438157]]}},{"type":"Feature","properties":{"kind":"building","name":"榕轩1栋"},"geometry":{"type":"Polygon","coordinates":[[[113.3715271,23.0438158],[113.3715263,23.0438389],[113.3715557,23.0438398],[113.3715565,23.0438164],[113.3715964,23.0438176],[113.3715956,23.0438401],[113.3716249,23.043841],[113.3716257,23.0438182],[113.3716361,23.0438185],[113.3716386,23.0437472],[113.3716287,23.0437469],[113.3716295,23.0437238],[113.3716002,23.0437229],[113.3715994,23.0437463],[113.3715595,23.0437451],[113.3715603,23.0437227],[113.3715309,23.0437218],[113.3715301,23.0437446],[113.371524,23.0437444],[113.3714486,23.0437421],[113.3714494,23.0437206],[113.37142,23.0437197],[113.3714193,23.0437417],[113.3713806,23.0437405],[113.3713814,23.0437185],[113.3713521,23.0437176],[113.3713513,23.04374],[113.3713336,23.0437394],[113.3713311,23.0438107],[113.3713483,23.0438113],[113.3713475,23.0438348],[113.3713768,23.0438357],[113.3713776,23.0438118],[113.3714163,23.043813],[113.3714154,23.0438369],[113.3714448,23.0438377],[113.3714456,23.0438134],[113.3715211,23.0438157],[113.3715271,23.0438158]]]}},{"type":"Feature","properties":{"kind":"building","name":"榕轩2栋"},"geometry":{"type":"Polygon","coordinates":[[[113.3711579,23.043813],[113.3711586,23.0438361],[113.3711879,23.0438353],[113.3711872,23.0438118],[113.3712271,23.0438108],[113.3712278,23.0438333],[113.3712571,23.0438325],[113.3712564,23.0438097],[113.3712668,23.0438094],[113.3712645,23.0437381],[113.3712546,23.0437384],[113.3712539,23.0437153],[113.3712246,23.0437161],[113.3712253,23.0437394],[113.3711854,23.0437405],[113.3711847,23.0437181],[113.3711554,23.0437189],[113.3711561,23.0437417],[113.37115,23.0437421],[113.3710745,23.0437439],[113.3710739,23.0437223],[113.3710445,23.0437231],[113.3710452,23.0437451],[113.3710259,23.0437456],[113.3710066,23.0437461],[113.3710059,23.0437241],[113.3709766,23.0437248],[113.3709773,23.0437472],[113.3709596,23.0437477],[113.3709618,23.043819],[113.370979,23.0438185],[113.3709798,23.043842],[113.3710091,23.0438412],[113.3710084,23.0438174],[113.371047,23.0438164],[113.3710478,23.0438403],[113.3710771,23.0438395],[113.3710763,23.0438152],[113.3711525,23.0438132],[113.3711579,23.043813]]]}},{"type":"Feature","properties":{"kind":"building","name":"榕轩8栋"},"geometry":{"type":"Polygon","coordinates":[[[113.3717187,23.0439444],[113.3717185,23.0438714],[113.3717569,23.0438714],[113.3717569,23.0438793],[113.3717776,23.0438792],[113.3717774,23.0438031],[113.3718463,23.0438029],[113.3718464,23.0438604],[113.3719056,23.0438603],[113.3719644,23.0438602],[113.3719642,23.0438028],[113.3720338,23.0438027],[113.372034,23.043879],[113.3720515,23.0438789],[113.3720515,23.0438709],[113.3720927,23.0438708],[113.3720929,23.043944],[113.3720111,23.0439442],[113.372011,23.0439311],[113.371984,23.0439311],[113.371984,23.0439442],[113.3719595,23.0439442],[113.3719595,23.0439254],[113.3719056,23.0439257],[113.3718506,23.0439257],[113.3718506,23.043944],[113.3718262,23.0439441],[113.3718261,23.0439305],[113.3717748,23.0439306],[113.3717749,23.0439443],[113.3717187,23.0439444]]]}},{"type":"Feature","properties":{"kind":"road","name":""},"geometry":{"type":"LineString","coordinates":[[113.3705948,23.0438658],[113.3706031,23.0439013],[113.3706092,23.0439166],[113.3706159,23.0439278],[113.3706278,23.0439385],[113.3706398,23.0439451],[113.3706548,23.0439483],[113.3706831,23.0439491],[113.3707168,23.0439483],[113.3707443,23.0439457],[113.3707741,23.0439386],[113.3708045,23.0439303],[113.3708514,23.0439136],[113.3708762,23.0439027],[113.3709134,23.0438845]]}},{"type":"Feature","properties":{"kind":"building","name":"榕轩3栋"},"geometry":{"type":"Polygon","coordinates":[[[113.3704513,23.0438227],[113.370446,23.0438001],[113.3704173,23.0438059],[113.3704227,23.0438287],[113.3703838,23.0438369],[113.3703786,23.0438149],[113.3703499,23.0438206],[113.3703552,23.0438429],[113.3703388,23.0438464],[113.3703561,23.0439159],[113.3703717,23.0439126],[113.3703771,23.0439352],[113.3704058,23.0439294],[113.3704003,23.0439066],[113.3704393,23.0438984],[113.3704445,23.0439204],[113.3704731,23.0439146],[113.3704679,23.0438924],[113.3705474,23.0438757],[113.3705524,23.043897],[113.3705811,23.0438912],[113.370576,23.0438697],[113.3705948,23.0438658],[113.3706137,23.0438618],[113.3706188,23.0438834],[113.3706475,23.0438776],[113.3706423,23.0438558],[113.370653,23.0438536],[113.3706357,23.043784],[113.3706258,23.0437861],[113.3706203,23.0437631],[113.3705916,23.0437689],[113.3705972,23.0437921],[113.3705595,23.0438],[113.3705539,23.0437767],[113.3705253,23.0437824],[113.3705309,23.043806],[113.3704513,23.0438227]]]}},{"type":"Feature","properties":{"kind":"road","name":""},"geometry":{"type":"LineString","coordinates":[[113.3707741,23.0439386],[113.3707741,23.0440614],[113.3707741,23.0440761]]}},{"type":"Feature","properties":{"kind":"road","name":""},"geometry":{"type":"LineString","coordinates":[[113.3709257,23.0439041],[113.3709626,23.0439534],[113.3709911,23.0439905],[113.3710175,23.0440247],[113.3710558,23.0440664],[113.3710993,23.0441139],[113.3711674,23.0441777],[113.3711846,23.0441931],[113.3711996,23.0442064],[113.3712271,23.0442305],[113.3712415,23.0442394],[113.3712579,23.0442462],[113.3712707,23.0442499],[113.3712898,23.0442512],[113.3713014,23.0442507],[113.3713096,23.044249],[113.3713287,23.0442422],[113.3713478,23.0442311],[113.3713659,23.0442138],[113.3714242,23.0441524],[113.3714909,23.0440839],[113.3715064,23.0440657],[113.3715134,23.0440539],[113.3715181,23.0440421],[113.3715205,23.0440288],[113.3715214,23.0440136],[113.3715213,23.0440045],[113.3715196,23.0439912],[113.3715146,23.0439744],[113.3715049,23.0439567],[113.3714935,23.0439423],[113.3714789,23.0439286],[113.3714646,23.0439186],[113.3714479,23.0439107],[113.3714289,23.0439064],[113.3714041,23.0439044],[113.3711567,23.0439042],[113.3709257,23.0439041],[113.3709134,23.0438845],[113.3708972,23.0438587],[113.3708767,23.043822],[113.370862,23.0437976],[113.3708442,23.0437683],[113.3708298,23.0437396],[113.3708096,23.0436968],[113.3708033,23.0436836],[113.3707818,23.0436387]]}},{"type":"Feature","properties":{"kind":"green","name":""},"geometry":{"type":"Polygon","coordinates":[[[113.371103,23.0439321],[113.3714028,23.0439306],[113.3714249,23.0439331],[113.3714457,23.0439405],[113.3714624,23.0439504],[113.3714752,23.0439611],[113.3714849,23.0439753],[113.3714916,23.0439926],[113.371494,23.0440139],[113.3714933,23.0440321],[113.3714863,23.0440478],[113.3714722,23.0440657],[113.3713404,23.0441999],[113.3713304,23.044208],[113.3713176,23.0442161],[113.371305,23.0442219],[113.3712946,23.044224],[113.3712817,23.044224],[113.3712693,23.0442222],[113.3712556,23.0442169],[113.3712422,23.0442083],[113.3711956,23.0441657],[113.3711211,23.0440947],[113.371048,23.0440179],[113.3710403,23.0440068],[113.3710363,23.0439932],[113.3710363,23.0439784],[113.3710397,23.0439661],[113.3710484,23.043951],[113.3710608,23.0439411],[113.3710812,23.043934],[113.371103,23.0439321]]]}},{"type":"Feature","properties":{"kind":"road","name":""},"geometry":{"type":"LineString","coordinates":[[113.3728594,23.0427613],[113.3727592,23.0426909],[113.3727373,23.0426755]]}},{"type":"Feature","properties":{"kind":"road","name":""},"geometry":{"type":"LineString","coordinates":[[113.3726792,23.0430606],[113.3727634,23.0430609]]}},{"type":"Feature","properties":{"kind":"road","name":""},"geometry":{"type":"LineString","coordinates":[[113.3726107,23.0429924],[113.3726252,23.0430069],[113.3726792,23.0430606]]}},{"type":"Feature","properties":{"kind":"road","name":""},"geometry":{"type":"LineString","coordinates":[[113.3726792,23.0430606],[113.3725772,23.0431044],[113.3725505,23.0431159]]}},{"type":"Feature","properties":{"kind":"road","name":""},"geometry":{"type":"LineString","coordinates":[[113.3701651,23.0432494],[113.3701606,23.043234],[113.3701549,23.0432241],[113.3701475,23.0432151],[113.3701368,23.043208],[113.3701267,23.0432043],[113.3701163,23.0432013],[113.3701076,23.0431969],[113.3701002,23.0431911],[113.3700959,23.0431837],[113.3700742,23.0431343]]}},{"type":"Feature","properties":{"kind":"road","name":""},"geometry":{"type":"LineString","coordinates":[[113.3701703,23.0436998],[113.3701626,23.0436684],[113.3700704,23.0432898],[113.3700657,23.0432694],[113.3701651,23.0432494],[113.3706399,23.0431536]]}},{"type":"Feature","properties":{"kind":"road","name":""},"geometry":{"type":"LineString","coordinates":[[113.3699557,23.0433893],[113.3700605,23.0432984],[113.3700704,23.0432898]]}},{"type":"Feature","properties":{"kind":"road","name":""},"geometry":{"type":"LineString","coordinates":[[113.3705614,23.0426809],[113.3699443,23.0427414],[113.3698975,23.0423375],[113.3699101,23.0423363],[113.3703311,23.0422949],[113.3705385,23.0422744],[113.3706116,23.0422676],[113.3712279,23.0422071],[113.3712745,23.0426093],[113.3706354,23.0426719]]}},{"type":"Feature","properties":{"kind":"road","name":""},"geometry":{"type":"LineString","coordinates":[[113.3719056,23.0438603],[113.3719056,23.0439257]]}},{"type":"Feature","properties":{"kind":"road","name":""},"geometry":{"type":"LineString","coordinates":[[113.3719067,23.043704],[113.3719058,23.0438338],[113.3719056,23.0438603]]}},{"type":"Feature","properties":{"kind":"building","name":"兔喜生活"},"geometry":{"type":"Polygon","coordinates":[[[113.3689781,23.04234],[113.3690279,23.0423351],[113.3690257,23.0423158],[113.3689759,23.0423207],[113.3689781,23.04234]]]}},{"type":"Feature","properties":{"kind":"road","name":""},"geometry":{"type":"LineString","coordinates":[[113.3712745,23.0426093],[113.3712868,23.042608],[113.3713417,23.042602],[113.371486,23.0425873],[113.3715,23.0425859]]}},{"type":"Feature","properties":{"kind":"green","name":""},"geometry":{"type":"Polygon","coordinates":[[[113.3683388,23.04363],[113.3683784,23.0438252],[113.3683799,23.0438285],[113.3683822,23.0438314],[113.3683851,23.0438337],[113.3683885,23.0438354],[113.3683923,23.0438364],[113.3683961,23.0438365],[113.3684,23.0438359],[113.3688298,23.043663],[113.3688334,23.0436616],[113.3688365,23.0436595],[113.3688391,23.0436568],[113.3688409,23.0436537],[113.368842,23.0436502],[113.3688421,23.0436466],[113.3688415,23.0436431],[113.3688079,23.0435231],[113.3688064,23.0435198],[113.3688041,23.0435169],[113.3688012,23.0435146],[113.3687978,23.0435129],[113.368794,23.0435119],[113.3687902,23.0435117],[113.3687863,23.0435124],[113.3683512,23.0436137],[113.3683476,23.0436151],[113.3683444,23.0436172],[113.3683419,23.0436199],[113.36834,23.043623],[113.368339,23.0436265],[113.3683388,23.04363]]]}},{"type":"Feature","properties":{"kind":"green","name":""},"geometry":{"type":"Polygon","coordinates":[[[113.3681714,23.0429772],[113.3686387,23.0429179],[113.3686466,23.0429178],[113.368654,23.0429204],[113.3686597,23.0429255],[113.3686629,23.0429322],[113.3686948,23.0430458],[113.368695,23.0430531],[113.3686921,23.0430599],[113.3686866,23.0430651],[113.3686793,23.043068],[113.3682329,23.0431722],[113.368225,23.0431728],[113.3682175,23.0431704],[113.3682115,23.0431657],[113.3682079,23.0431591],[113.3681559,23.0429995],[113.3681557,23.0429922],[113.3681586,23.0429854],[113.3681641,23.0429801],[113.3681714,23.0429772]]]}},{"type":"Feature","properties":{"kind":"green","name":""},"geometry":{"type":"Polygon","coordinates":[[[113.3693743,23.0429647],[113.3689706,23.043064],[113.3689627,23.0430642],[113.3689553,23.0430615],[113.3689496,23.0430564],[113.3689465,23.0430497],[113.3689431,23.0430295],[113.3689334,23.0429714],[113.3689243,23.0429173],[113.3689203,23.0428952],[113.3689202,23.0428879],[113.3689231,23.0428811],[113.3689286,23.0428758],[113.3689358,23.0428729],[113.369358,23.0428282],[113.3693659,23.0428281],[113.3693733,23.0428307],[113.369379,23.0428358],[113.3693821,23.0428425],[113.3693898,23.0429424],[113.36939,23.0429497],[113.3693871,23.0429565],[113.3693816,23.0429618],[113.3693743,23.0429647]]]}},{"type":"Feature","properties":{"kind":"road","name":""},"geometry":{"type":"LineString","coordinates":[[113.3687994,23.0429881],[113.3689186,23.042973]]}},{"type":"Feature","properties":{"kind":"road","name":""},"geometry":{"type":"LineString","coordinates":[[113.3689006,23.0428616],[113.3693951,23.0428082],[113.3694039,23.0429739],[113.3689375,23.0430896],[113.3689186,23.042973],[113.3689006,23.0428616]]}},{"type":"Feature","properties":{"kind":"road","name":""},"geometry":{"type":"LineString","coordinates":[[113.3686917,23.0429911],[113.3687962,23.0429702]]}},{"type":"Feature","properties":{"kind":"road","name":""},"geometry":{"type":"LineString","coordinates":[[113.3679513,23.0432518],[113.3679694,23.0432476],[113.3682026,23.043194],[113.3687125,23.0430766],[113.3686917,23.0429911],[113.3686696,23.0429001],[113.3681301,23.0429662],[113.3682026,23.043194]]}},{"type":"Feature","properties":{"kind":"road","name":""},"geometry":{"type":"LineString","coordinates":[[113.3688379,23.0435779],[113.3689408,23.0435537]]}},{"type":"Feature","properties":{"kind":"road","name":""},"geometry":{"type":"LineString","coordinates":[[113.3680515,23.0436662],[113.3680697,23.043662],[113.36832,23.0436047],[113.3688158,23.0434913],[113.3688379,23.0435779],[113.3688614,23.0436696],[113.3683739,23.043864],[113.36832,23.0436047]]}},{"type":"Feature","properties":{"kind":"road","name":""},"geometry":{"type":"LineString","coordinates":[[113.3685695,23.0444551],[113.3685985,23.0444357],[113.368687,23.0443773],[113.3687843,23.0443153],[113.3688637,23.044265],[113.3689814,23.0441984],[113.3691308,23.0441158],[113.3691898,23.0440853],[113.3692475,23.0440554],[113.3693542,23.0440065],[113.3694622,23.0439556],[113.3695822,23.0439041],[113.3696724,23.0438683],[113.3697916,23.0438203],[113.3699036,23.0437664]]}},{"type":"Feature","properties":{"kind":"road","name":""},"geometry":{"type":"LineString","coordinates":[[113.37115,23.0437421],[113.3711525,23.0438132]]}},{"type":"Feature","properties":{"kind":"road","name":""},"geometry":{"type":"LineString","coordinates":[[113.3711466,23.0436617],[113.3711485,23.0437072],[113.37115,23.0437421]]}},{"type":"Feature","properties":{"kind":"road","name":""},"geometry":{"type":"LineString","coordinates":[[113.3711525,23.0438132],[113.3711538,23.0438463],[113.3711562,23.0438586],[113.3711567,23.0439042]]}},{"type":"Feature","properties":{"kind":"road","name":""},"geometry":{"type":"LineString","coordinates":[[113.371524,23.0437444],[113.3715249,23.0437121],[113.3715262,23.0436661]]}},{"type":"Feature","properties":{"kind":"road","name":""},"geometry":{"type":"LineString","coordinates":[[113.3715211,23.0438157],[113.371524,23.0437444]]}},{"type":"Feature","properties":{"kind":"building","name":"竹苑1栋"},"geometry":{"type":"Polygon","coordinates":[[[113.3691225,23.0424261],[113.3691242,23.0424395],[113.3694308,23.0424069],[113.3694381,23.0424645],[113.3694479,23.0425424],[113.3693927,23.0425483],[113.3693963,23.0425769],[113.3694396,23.0425723],[113.369444,23.0426074],[113.369401,23.0426119],[113.3694045,23.0426398],[113.3694364,23.0426364],[113.3694464,23.0427161],[113.36947,23.0427136],[113.3694767,23.0427668],[113.3688615,23.0428323],[113.368855,23.0427801],[113.3688788,23.0427775],[113.3688687,23.0426976],[113.3689357,23.0426905],[113.3689844,23.0426853],[113.3689944,23.0427647],[113.3693923,23.0427224],[113.3693609,23.0424723],[113.3689639,23.0425146],[113.3689739,23.0425942],[113.3689245,23.0425995],[113.3688573,23.0426066],[113.3688471,23.0425261],[113.3688226,23.0425287],[113.3688155,23.0424724],[113.3690208,23.0424505],[113.3690191,23.0424371],[113.3691225,23.0424261]]]}},{"type":"Feature","properties":{"kind":"road","name":""},"geometry":{"type":"LineString","coordinates":[[113.3713508,23.0425142],[113.3713298,23.0425162]]}},{"type":"Feature","properties":{"kind":"building","name":"绿岛空间"},"geometry":{"type":"Polygon","coordinates":[[[113.3689243,23.0429173],[113.369002,23.0429064],[113.3690208,23.0430184],[113.3689431,23.0430295],[113.3689334,23.0429714],[113.3689243,23.0429173]]]}},{"type":"Feature","properties":{"kind":"road","name":""},"geometry":{"type":"LineString","coordinates":[[113.3689299,23.0426436],[113.368757,23.0426627]]}},{"type":"Feature","properties":{"kind":"road","name":""},"geometry":{"type":"LineString","coordinates":[[113.3690464,23.0432824],[113.3689521,23.0433054],[113.3688721,23.0433243]]}},{"type":"Feature","properties":{"kind":"road","name":""},"geometry":{"type":"LineString","coordinates":[[113.3690052,23.043493],[113.3689521,23.0433054],[113.3689368,23.0432599],[113.3688952,23.0431167],[113.3689274,23.0431081],[113.3689375,23.0430896]]}},{"type":"Feature","properties":{"kind":"road","name":""},"geometry":{"type":"LineString","coordinates":[[113.3694382,23.0439074],[113.3696875,23.043789],[113.3696353,23.0436858]]}},{"type":"Feature","properties":{"kind":"road","name":""},"geometry":{"type":"LineString","coordinates":[[113.3694327,23.0438962],[113.3694382,23.0439074],[113.3694622,23.0439556]]}},{"type":"Feature","properties":{"kind":"road","name":""},"geometry":{"type":"LineString","coordinates":[[113.3689859,23.0436658],[113.3690316,23.0436515],[113.3691125,23.0436261],[113.3691353,23.0436171],[113.3691574,23.0436067],[113.3691769,23.0435946],[113.3692094,23.0435736],[113.3692195,23.0435678],[113.3692292,23.0435645],[113.3692374,23.0435644],[113.3692444,23.043567],[113.36925,23.0435715],[113.3692567,23.043579],[113.3692816,23.0436141],[113.3692939,23.0436327],[113.3693079,23.0436563]]}},{"type":"Feature","properties":{"kind":"building","name":"广州大学门诊部"},"geometry":{"type":"Polygon","coordinates":[[[113.369665,23.0436729],[113.36967,23.0436819],[113.3697033,23.0436663],[113.3696805,23.043625],[113.3697244,23.0436046],[113.369705,23.0435692],[113.3696604,23.04359],[113.3696639,23.0435964],[113.3696397,23.0436077],[113.3696186,23.0435666],[113.3694105,23.0436569],[113.3694247,23.0436846],[113.3694004,23.0436951],[113.3693665,23.0436303],[113.3693079,23.0436563],[113.36925,23.0436818],[113.3692699,23.0437198],[113.3692876,23.0437119],[113.3692919,23.0437199],[113.3692433,23.0437418],[113.3692373,23.0437301],[113.3691636,23.0437623],[113.3692182,23.0438682],[113.3692919,23.0438361],[113.3692863,23.0438252],[113.3693167,23.0438115],[113.369375,23.043922],[113.3694327,23.0438962],[113.3694909,23.0438702],[113.3694239,23.0437433],[113.3694492,23.0437323],[113.3694635,23.0437604],[113.3696353,23.0436858],[113.3696635,23.0436735],[113.369665,23.0436729]]]}},{"type":"Feature","properties":{"kind":"green","name":""},"geometry":{"type":"Polygon","coordinates":[[[113.3694766,23.043793],[113.3694679,23.0437754],[113.3695997,23.0437183],[113.3695941,23.0437237],[113.3695893,23.0437287],[113.3695854,23.0437338],[113.3695827,23.0437384],[113.3695817,23.0437438],[113.3695821,23.0437498],[113.3694766,23.043793]]]}},{"type":"Feature","properties":{"kind":"building","name":"竹苑3栋"},"geometry":{"type":"Polygon","coordinates":[[[113.3694905,23.043125],[113.3694984,23.0431524],[113.369545,23.043141],[113.3695546,23.0431744],[113.3695076,23.0431859],[113.3695154,23.0432131],[113.3695461,23.0432056],[113.3695688,23.0432844],[113.3695913,23.0432789],[113.3696061,23.0433306],[113.3695307,23.043349],[113.3690081,23.0434765],[113.3689706,23.0433466],[113.3690587,23.0433251],[113.3691066,23.0433134],[113.369129,23.0433913],[113.3695158,23.0432969],[113.3694458,23.0430538],[113.3690588,23.0431482],[113.3690811,23.0432255],[113.3690335,23.0432371],[113.3689691,23.0432528],[113.3689506,23.0431889],[113.3689261,23.0431949],[113.3689072,23.0431295],[113.3694309,23.0430017],[113.3695058,23.0429834],[113.3695205,23.0430346],[113.3694982,23.04304],[113.3695206,23.0431177],[113.3694905,23.043125]]]}},{"type":"Feature","properties":{"kind":"road","name":""},"geometry":{"type":"LineString","coordinates":[[113.3669343,23.0429408],[113.3669673,23.0429078],[113.3669811,23.042894],[113.3670207,23.0428588],[113.367069,23.0428205],[113.3671179,23.042786],[113.3671696,23.0427533],[113.36722,23.0427184],[113.367251,23.042697],[113.3672809,23.0426759],[113.3672893,23.04267],[113.3672987,23.0426616],[113.367304,23.0426533],[113.367307,23.0426422],[113.3673097,23.0426302],[113.3673141,23.0426209],[113.3673215,23.0426138],[113.3673288,23.0426092],[113.3673392,23.0426061],[113.367354,23.0426046],[113.3673687,23.0426043],[113.3673825,23.0426077],[113.3673949,23.0426123],[113.3674113,23.04262],[113.3674254,23.042628],[113.3674346,23.0426344],[113.3674495,23.0426481]]}},{"type":"Feature","properties":{"kind":"road","name":""},"geometry":{"type":"LineString","coordinates":[[113.3671649,23.0426003],[113.3672056,23.042646],[113.367251,23.042697],[113.3672925,23.0427421]]}},{"type":"Feature","properties":{"kind":"building","name":""},"geometry":{"type":"Polygon","coordinates":[[[113.3720123,23.0419364],[113.37178,23.0419604],[113.3717759,23.0419267],[113.3720082,23.0419027],[113.3720123,23.0419364]]]}},{"type":"Feature","properties":{"kind":"road","name":""},"geometry":{"type":"LineString","coordinates":[[113.370881,23.0433196],[113.3707579,23.0433284],[113.3706794,23.0433302],[113.3706048,23.0433447]]}},{"type":"Feature","properties":{"kind":"road","name":""},"geometry":{"type":"LineString","coordinates":[[113.3709746,23.0434252],[113.3709656,23.0433133],[113.3709609,23.0432457]]}},{"type":"Feature","properties":{"kind":"road","name":""},"geometry":{"type":"LineString","coordinates":[[113.3711141,23.0434095],[113.3709897,23.0433179],[113.3709842,23.0433149],[113.3709756,23.0433133],[113.3709656,23.0433133],[113.370881,23.0433196]]}},{"type":"Feature","properties":{"kind":"road","name":""},"geometry":{"type":"LineString","coordinates":[[113.3688158,23.0434913],[113.3688168,23.0434755],[113.3688201,23.0434691],[113.3688262,23.0434647],[113.3689062,23.0434437]]}},{"type":"Feature","properties":{"kind":"green","name":""},"geometry":{"type":"Polygon","coordinates":[[[113.3693617,23.0431062],[113.3694218,23.0430916],[113.369445,23.0431722],[113.3693848,23.0431868],[113.3693617,23.0431062]]]}},{"type":"Feature","properties":{"kind":"green","name":""},"geometry":{"type":"Polygon","coordinates":[[[113.369414,23.0432916],[113.3693903,23.0432083],[113.3694511,23.0431936],[113.3694748,23.0432769],[113.369414,23.0432916]]]}},{"type":"Feature","properties":{"kind":"green","name":""},"geometry":{"type":"Polygon","coordinates":[[[113.369375,23.0432385],[113.3693907,23.0432974],[113.3691864,23.0433471],[113.3691596,23.0432509],[113.369234,23.043231],[113.3692361,23.0432325],[113.3692405,23.0432336],[113.3692451,23.043233],[113.369249,23.0432307],[113.3692518,23.0432267],[113.3693249,23.0432068],[113.369375,23.0432385]]]}},{"type":"Feature","properties":{"kind":"green","name":""},"geometry":{"type":"Polygon","coordinates":[[[113.3693383,23.043112],[113.3691327,23.0431624],[113.3691562,23.0432392],[113.3692309,23.0432193],[113.3692319,23.0432177],[113.3692352,23.0432147],[113.3692396,23.0432132],[113.3692442,23.0432135],[113.3692473,23.0432149],[113.3693214,23.0431952],[113.3693491,23.0431465],[113.3693383,23.043112]]]}},{"type":"Feature","properties":{"kind":"green","name":""},"geometry":{"type":"Polygon","coordinates":[[[113.3692924,23.0427028],[113.3692818,23.0426173],[113.3693443,23.0426107],[113.3693549,23.0426963],[113.3692924,23.0427028]]]}},{"type":"Feature","properties":{"kind":"green","name":""},"geometry":{"type":"Polygon","coordinates":[[[113.3692692,23.0425126],[113.369331,23.0425059],[113.3693415,23.0425887],[113.3692797,23.0425953],[113.3692692,23.0425126]]]}},{"type":"Feature","properties":{"kind":"green","name":""},"geometry":{"type":"Polygon","coordinates":[[[113.3692452,23.0425152],[113.3690339,23.0425383],[113.3690463,23.0426339],[113.3691233,23.0426239],[113.3691246,23.0426225],[113.3691283,23.0426199],[113.3691328,23.042619],[113.3691374,23.0426199],[113.3691402,23.0426217],[113.3692166,23.0426118],[113.3692516,23.0425673],[113.3692452,23.0425152]]]}},{"type":"Feature","properties":{"kind":"green","name":""},"geometry":{"type":"Polygon","coordinates":[[[113.369263,23.0426617],[113.3692685,23.0427055],[113.3690585,23.0427281],[113.3690478,23.0426458],[113.3691245,23.0426359],[113.3691264,23.0426376],[113.3691306,23.0426393],[113.3691352,23.0426393],[113.3691395,23.0426375],[113.3691428,23.042634],[113.3692183,23.0426238],[113.369263,23.0426617]]]}},{"type":"Feature","properties":{"kind":"building","name":"兰苑1栋"},"geometry":{"type":"Polygon","coordinates":[[[113.3700367,23.044252],[113.3697017,23.0444534],[113.3696533,23.0443861],[113.369614,23.0444099],[113.369537,23.0444566],[113.3696172,23.0445685],[113.3697335,23.0444981],[113.3701343,23.0442571],[113.3701025,23.0442123],[113.3700821,23.0442246],[113.3700166,23.0441326],[113.3700228,23.0441289],[113.3700024,23.0441003],[113.3699976,23.0441032],[113.3699323,23.0440116],[113.3699507,23.0440004],[113.3699187,23.0439558],[113.3695189,23.0441982],[113.3694025,23.0442688],[113.3694827,23.0443807],[113.3695585,23.0443346],[113.369599,23.0443101],[113.3695508,23.0442428],[113.3698855,23.0440399],[113.3700367,23.044252]]]}},{"type":"Feature","properties":{"kind":"building","name":""},"geometry":{"type":"Polygon","coordinates":[[[113.3666804,23.0432761],[113.3665627,23.0434619],[113.3665309,23.0434448],[113.3666486,23.043259],[113.3666804,23.0432761]]]}},{"type":"Feature","properties":{"kind":"building","name":""},"geometry":{"type":"Polygon","coordinates":[[[113.3709558,23.041715],[113.370852,23.0417269],[113.3708505,23.0417157],[113.3709543,23.0417037],[113.3709558,23.041715]]]}},{"type":"Feature","properties":{"kind":"water","name":""},"geometry":{"type":"Polygon","coordinates":[[[113.3684254,23.0445392],[113.3684063,23.0445525],[113.3683866,23.0445667],[113.3683736,23.0445513],[113.3683622,23.0445375],[113.3683557,23.0445266],[113.3683498,23.0445139],[113.3683439,23.0444974],[113.3683385,23.0444854],[113.3683334,23.0444759],[113.3683277,23.0444684],[113.3683179,23.0444566],[113.3683104,23.0444488],[113.3683001,23.04444],[113.3682424,23.0443969],[113.3682287,23.0443849],[113.3682173,23.0443744],[113.368196,23.0443554],[113.3681824,23.0443422],[113.3681698,23.0443297],[113.368156,23.0443151],[113.3681475,23.0443042],[113.3681145,23.0442579],[113.3681052,23.0442412],[113.3680995,23.0442276],[113.3680945,23.0442162],[113.3680873,23.0442041],[113.3680789,23.0441919],[113.3680714,23.0441814],[113.3680623,23.0441706],[113.3680482,23.0441551],[113.3680294,23.0441369],[113.3680041,23.044114],[113.3679808,23.0440952],[113.3679657,23.0440872],[113.3679498,23.0440805],[113.367932,23.0440738],[113.3679114,23.0440706],[113.3678852,23.0440677],[113.3678823,23.0440588],[113.3678811,23.044051],[113.3678812,23.0440436],[113.3678822,23.0440365],[113.3678837,23.0440296],[113.3678859,23.0440227],[113.3678902,23.0440101],[113.3678959,23.0439994],[113.3679115,23.044007],[113.367919,23.0440103],[113.367925,23.0440125],[113.367933,23.0440144],[113.3679429,23.0440157],[113.3679721,23.0440156],[113.3679947,23.0440195],[113.3680125,23.0440272],[113.3680257,23.0440344],[113.3680388,23.044044],[113.3680715,23.0440809],[113.3680895,23.044101],[113.3681042,23.0441196],[113.3681191,23.0441424],[113.3681427,23.0441807],[113.368153,23.0442002],[113.3681633,23.0442228],[113.3681777,23.0442542],[113.368191,23.0442797],[113.3682067,23.0443045],[113.368219,23.0443186],[113.3682378,23.0443339],[113.3682573,23.0443478],[113.3682958,23.044373],[113.368336,23.0443968],[113.3683632,23.0444151],[113.3683888,23.0444358],[113.3684041,23.0444515],[113.368415,23.0444696],[113.36842,23.044488],[113.3684232,23.0445132],[113.3684254,23.0445392]]]}},{"type":"Feature","properties":{"kind":"building","name":"竹苑5栋"},"geometry":{"type":"Polygon","coordinates":[[[113.3690608,23.0440169],[113.3690359,23.0439651],[113.3690134,23.0439742],[113.3689777,23.0439001],[113.3689158,23.0439252],[113.3688703,23.0439437],[113.3688925,23.0439901],[113.3688816,23.0439945],[113.3688947,23.0440215],[113.36854,23.0441657],[113.3684963,23.0440748],[113.3685773,23.0440419],[113.3685555,23.0439964],[113.3684745,23.0440293],[113.3684294,23.0439354],[113.3687849,23.043791],[113.3687979,23.043818],[113.3688088,23.0438135],[113.368831,23.0438596],[113.3688758,23.0438414],[113.3689375,23.0438163],[113.3689021,23.0437428],[113.368924,23.0437338],[113.368901,23.0436857],[113.3683345,23.043916],[113.3683581,23.043965],[113.3683798,23.0439561],[113.3684274,23.0440566],[113.3684122,23.0440626],[113.3684277,23.0440949],[113.3684432,23.0440888],[113.3684886,23.0441873],[113.3684691,23.0441947],[113.3684943,23.0442472],[113.3690608,23.0440169]]]}},{"type":"Feature","properties":{"kind":"building","name":"竹苑4栋"},"geometry":{"type":"Polygon","coordinates":[[[113.3688313,23.043458],[113.3688164,23.043403],[113.3687924,23.0434085],[113.3687711,23.0433299],[113.3687054,23.0433449],[113.3686572,23.043356],[113.3686782,23.0434337],[113.3682905,23.0435227],[113.3682644,23.0434263],[113.3683502,23.0434066],[113.3683372,23.0433584],[113.3682513,23.0433781],[113.3682243,23.0432784],[113.368613,23.0431893],[113.368634,23.0432669],[113.3686816,23.043256],[113.368747,23.043241],[113.3687258,23.0431629],[113.3687491,23.0431575],[113.3687353,23.0431066],[113.3681344,23.0432444],[113.3681485,23.0432964],[113.3681716,23.0432911],[113.3681998,23.0433976],[113.3681837,23.043401],[113.368193,23.0434353],[113.3682094,23.0434317],[113.3682358,23.0435359],[113.3682152,23.0435402],[113.3682303,23.0435959],[113.3688313,23.043458]]]}},{"type":"Feature","properties":{"kind":"building","name":"竹苑2栋"},"geometry":{"type":"Polygon","coordinates":[[[113.3687024,23.0428671],[113.3686943,23.0428109],[113.3686699,23.0428139],[113.3686582,23.0427336],[113.3685911,23.0427417],[113.3685418,23.0427478],[113.3685533,23.0428272],[113.3681571,23.0428756],[113.3681429,23.0427771],[113.3682307,23.0427664],[113.3682236,23.0427171],[113.3681358,23.0427278],[113.3681212,23.0426261],[113.3685182,23.0425776],[113.3685297,23.0426569],[113.3685783,23.0426509],[113.3686451,23.0426428],[113.3686336,23.042563],[113.3686573,23.0425601],[113.3686499,23.042508],[113.368036,23.042583],[113.3680436,23.0426361],[113.3680672,23.0426332],[113.3680823,23.0427419],[113.3680659,23.0427437],[113.3680709,23.0427787],[113.3680876,23.0427768],[113.3681012,23.0428831],[113.3680802,23.0428852],[113.3680884,23.0429421],[113.3687024,23.0428671]]]}},{"type":"Feature","properties":{"kind":"building","name":"声像灯光工程实验楼"},"geometry":{"type":"Polygon","coordinates":[[[113.3697308,23.0408029],[113.3697137,23.0407923],[113.3696959,23.0407787],[113.3696815,23.0407624],[113.3696718,23.0407485],[113.369663,23.0407321],[113.3696563,23.0407133],[113.369651,23.0406936],[113.3696483,23.0406741],[113.3696486,23.0406541],[113.369651,23.0406362],[113.369658,23.0406149],[113.3696681,23.0405939],[113.3696785,23.0405757],[113.3696932,23.0405575],[113.369713,23.0405412],[113.3697328,23.0405285],[113.3697546,23.040518],[113.369775,23.0405122],[113.3697965,23.0405085],[113.3698204,23.0405069],[113.3698419,23.0405071],[113.3698615,23.0405111],[113.3698808,23.0405182],[113.3698987,23.0405251],[113.3699178,23.0405352],[113.3699329,23.0405478],[113.3699487,23.0405643],[113.3699648,23.0405854],[113.3699446,23.0405976],[113.3699537,23.0406149],[113.3699597,23.0406322],[113.3699629,23.0406508],[113.3699636,23.0406749],[113.3699855,23.0406941],[113.3699814,23.0407125],[113.369977,23.0407264],[113.3699671,23.0407468],[113.3699502,23.0407696],[113.3699308,23.0407878],[113.3699152,23.0407994],[113.3698969,23.0408091],[113.3698724,23.0408175],[113.3698474,23.0408232],[113.3698241,23.0408024],[113.3698037,23.0408019],[113.3697885,23.0408005],[113.3697752,23.0407979],[113.36976,23.0407928],[113.369742,23.0407847],[113.3697308,23.0408029]]]}},{"type":"Feature","properties":{"kind":"water","name":""},"geometry":{"type":"Polygon","coordinates":[[[113.36735,23.0439576],[113.367316,23.0439437],[113.3672789,23.0439283],[113.3673225,23.0438485],[113.3673808,23.0437813],[113.3674252,23.0437293],[113.3674413,23.0437359],[113.3674574,23.0437426],[113.3674095,23.0438339],[113.3673963,23.0438849],[113.3673893,23.0439044],[113.3673816,23.0439183],[113.3673722,23.0439299],[113.36735,23.0439576]]]}},{"type":"Feature","properties":{"kind":"water","name":"合益围涌"},"geometry":{"type":"LineString","coordinates":[[113.3674821,23.0436323],[113.3674807,23.0436122],[113.3674827,23.0435807],[113.3674881,23.0435487],[113.3674948,23.0435135],[113.3675102,23.0434728],[113.3675243,23.0434376],[113.3675377,23.0433993],[113.3675424,23.0433728],[113.3675451,23.0433333],[113.367539,23.0432765],[113.3675303,23.0432198],[113.3675162,23.0431686],[113.3675002,23.0431291],[113.3674794,23.0430877],[113.3674479,23.0430464],[113.3674113,23.0430012]]}},{"type":"Feature","properties":{"kind":"water","name":""},"geometry":{"type":"Polygon","coordinates":[[[113.3674666,23.0436279],[113.3674656,23.0436054],[113.3674666,23.0435838],[113.36747,23.0435554],[113.3674753,23.0435249],[113.3674841,23.0434953],[113.3675105,23.043428],[113.3675226,23.0433935],[113.3675256,23.0433632],[113.367525,23.0433339],[113.3675203,23.0433006],[113.3675132,23.0432685],[113.3674968,23.0431988],[113.3674891,23.0431704],[113.3674804,23.0431485],[113.3674663,23.0431294],[113.3674448,23.0431004],[113.3673748,23.0430211],[113.3674113,23.0430012],[113.3674479,23.0429813],[113.3675166,23.0430994],[113.367535,23.0431358],[113.3675468,23.043167],[113.3675551,23.0432022],[113.3675618,23.0432503],[113.3675635,23.0432981],[113.3675622,23.0433395],[113.3675572,23.0433808],[113.3675488,23.0434222],[113.3675303,23.0434641],[113.3675179,23.043495],[113.3675105,23.0435206],[113.3675032,23.043553],[113.3674951,23.0435959],[113.3674938,23.0436138],[113.3674945,23.0436236],[113.3674973,23.043637],[113.3674821,23.0436323],[113.3674666,23.0436279]]]}},{"type":"Feature","properties":{"kind":"water","name":"合益围涌"},"geometry":{"type":"LineString","coordinates":[[113.3673545,23.0438701],[113.3674413,23.0437359]]}},{"type":"Feature","properties":{"kind":"water","name":"合益围涌"},"geometry":{"type":"LineString","coordinates":[[113.3674413,23.0437359],[113.3674586,23.0437079],[113.3674703,23.043685],[113.367477,23.0436637],[113.3674821,23.0436323]]}},{"type":"Feature","properties":{"kind":"water","name":"合益围涌"},"geometry":{"type":"LineString","coordinates":[[113.3673545,23.0438701],[113.367316,23.0439437]]}},{"type":"Feature","properties":{"kind":"building","name":"德馨亭"},"geometry":{"type":"Polygon","coordinates":[[[113.3635754,23.0435279],[113.3635438,23.0435193],[113.3635361,23.0434899],[113.363554,23.0434741],[113.3635599,23.043469],[113.3635915,23.0434775],[113.3635992,23.043507],[113.3635754,23.0435279]]]}},{"type":"Feature","properties":{"kind":"building","name":"图书馆副楼"},"geometry":{"type":"Polygon","coordinates":[[[113.3652832,23.0426855],[113.3652832,23.0429363],[113.3652832,23.0429507],[113.3652462,23.0429507],[113.3652457,23.042485],[113.3652455,23.0424345],[113.3652458,23.0424344],[113.365286,23.0424519],[113.365299,23.0424583],[113.3653256,23.0424717],[113.3653455,23.0424826],[113.3653645,23.0424933],[113.3653816,23.0425051],[113.3654047,23.0425195],[113.365411,23.0425252],[113.3654335,23.042545],[113.3658329,23.0425452],[113.3658331,23.0425376],[113.3658755,23.0425376],[113.3658755,23.0426175],[113.3658949,23.0426175],[113.3658947,23.0426449],[113.365876,23.042645],[113.3658753,23.0427644],[113.3658505,23.0427647],[113.3658505,23.0427565],[113.3657818,23.0427566],[113.3655159,23.0427571],[113.3655157,23.0427377],[113.3654431,23.042738],[113.3654369,23.0427484],[113.3654299,23.0427586],[113.36542,23.0427674],[113.3654087,23.0427747],[113.365396,23.0427798],[113.3653826,23.0427832],[113.3653688,23.0427839],[113.365355,23.042783],[113.3653412,23.0427793],[113.3653292,23.0427741],[113.365318,23.0427668],[113.3653082,23.0427576],[113.3653001,23.0427472],[113.3652946,23.0427355],[113.3652911,23.0427239],[113.36529,23.0427105],[113.3652909,23.0426982],[113.3652951,23.0426855],[113.3652832,23.0426855]]]}},{"type":"Feature","properties":{"kind":"building","name":"校训塔"},"geometry":{"type":"Polygon","coordinates":[[[113.3640942,23.042418],[113.3640943,23.0424437],[113.3640945,23.0424766],[113.3641045,23.0424766],[113.3641045,23.0424904],[113.3640903,23.0424904],[113.3640904,23.0424978],[113.3641135,23.0424977],[113.3641154,23.0424977],[113.3641164,23.0425027],[113.3641198,23.0425074],[113.3641249,23.0425106],[113.3641309,23.0425118],[113.3641369,23.0425108],[113.3641421,23.0425077],[113.3641456,23.042503],[113.3641468,23.0424977],[113.3641486,23.0424977],[113.3641702,23.0424976],[113.3641702,23.0424902],[113.3641579,23.0424902],[113.3641579,23.0424833],[113.3641579,23.0424763],[113.3641676,23.0424763],[113.3641676,23.042472],[113.3641675,23.0424442],[113.3641674,23.0424177],[113.3641674,23.0424115],[113.3641586,23.0424116],[113.3641586,23.0424178],[113.3641486,23.0424178],[113.3641486,23.0424116],[113.3641486,23.0424018],[113.3641135,23.0424018],[113.3641135,23.0424117],[113.3641135,23.0424179],[113.364103,23.0424179],[113.3641029,23.0424118],[113.3640942,23.0424118],[113.3640942,23.042418]]]}},{"type":"Feature","properties":{"kind":"road","name":""},"geometry":{"type":"LineString","coordinates":[[113.3704131,23.0416608],[113.3704508,23.0416221],[113.370458,23.0416159],[113.3704662,23.04161],[113.3704755,23.0416058],[113.3704835,23.0416037],[113.3708617,23.0415658],[113.3710217,23.04155],[113.3710554,23.0415457],[113.3710904,23.0415398],[113.3711228,23.0415318],[113.3711561,23.0415197],[113.3711875,23.0415055],[113.3712203,23.0414877],[113.3712475,23.0414694]]}},{"type":"Feature","properties":{"kind":"building","name":""},"geometry":{"type":"Polygon","coordinates":[[[113.3663201,23.040344],[113.3663199,23.0402351],[113.366372,23.040235],[113.3663723,23.0403439],[113.3663201,23.040344]]]}},{"type":"Feature","properties":{"kind":"green","name":""},"geometry":{"type":"Polygon","coordinates":[[[113.3671877,23.0419705],[113.3671436,23.0419143],[113.3671924,23.0418951],[113.3672361,23.0419505],[113.3671877,23.0419705]]]}},{"type":"Feature","properties":{"kind":"green","name":""},"geometry":{"type":"Polygon","coordinates":[[[113.3702646,23.041154],[113.370256,23.0411534],[113.3702464,23.0411506],[113.3702369,23.041146],[113.3702271,23.0411391],[113.3702206,23.0411317],[113.3702147,23.0411203],[113.3702109,23.0411072],[113.370209,23.0410967],[113.370208,23.0410799],[113.370208,23.0410654],[113.3702098,23.0410551],[113.370214,23.0410432],[113.3702229,23.0410271],[113.3702295,23.0410164],[113.370238,23.0410089],[113.3702496,23.0410035],[113.3702599,23.0410018],[113.3702668,23.0410022],[113.3702792,23.0410041],[113.3702886,23.0410091],[113.3702968,23.0410162],[113.370304,23.0410266],[113.3703098,23.0410382],[113.3703145,23.0410507],[113.3703158,23.041064],[113.3703165,23.0410877],[113.3703156,23.0411018],[113.3703099,23.0411167],[113.370302,23.0411305],[113.3702927,23.0411411],[113.3702823,23.0411488],[113.3702739,23.0411528],[113.3702646,23.041154]]]}},{"type":"Feature","properties":{"kind":"building","name":""},"geometry":{"type":"Polygon","coordinates":[[[113.3696486,23.0406541],[113.3695268,23.0406546],[113.3695268,23.0406146],[113.369658,23.0406149],[113.369651,23.0406362],[113.3696486,23.0406541]]]}},{"type":"Feature","properties":{"kind":"green","name":""},"geometry":{"type":"Polygon","coordinates":[[[113.3695688,23.0405881],[113.3695688,23.0404128],[113.3698313,23.0404119],[113.3698317,23.0404832],[113.3697998,23.0404841],[113.3697727,23.0404884],[113.3697472,23.0404967],[113.369722,23.0405082],[113.3696979,23.0405214],[113.3696791,23.0405365],[113.3696614,23.0405557],[113.369649,23.0405699],[113.3696365,23.0405878],[113.3695688,23.0405881]]]}},{"type":"Feature","properties":{"kind":"green","name":""},"geometry":{"type":"Polygon","coordinates":[[[113.3695692,23.0408392],[113.3695692,23.04068],[113.3696188,23.0406803],[113.3696221,23.0406994],[113.3696282,23.040722],[113.3696362,23.0407423],[113.3696469,23.0407621],[113.369658,23.0407781],[113.3696707,23.0407926],[113.3696238,23.0408389],[113.3695692,23.0408392]]]}},{"type":"Feature","properties":{"kind":"green","name":""},"geometry":{"type":"Polygon","coordinates":[[[113.3631352,23.0415453],[113.3631591,23.0415491],[113.3631797,23.041561],[113.3631938,23.0415793],[113.3631992,23.0416011],[113.3631951,23.0416232],[113.3631821,23.0416422],[113.3631622,23.0416551],[113.3631385,23.0416601],[113.3631145,23.0416563],[113.3630939,23.0416443],[113.3630799,23.0416261],[113.3630745,23.0416042],[113.3630786,23.0415821],[113.3630915,23.0415632],[113.3631114,23.0415502],[113.3631352,23.0415453]]]}},{"type":"Feature","properties":{"kind":"green","name":""},"geometry":{"type":"Polygon","coordinates":[[[113.370208,23.0404222],[113.3702216,23.0404219],[113.3702295,23.0404245],[113.370236,23.0404293],[113.3702395,23.0404376],[113.3702432,23.0404472],[113.3702449,23.0404577],[113.3702457,23.0404911],[113.3702451,23.0405461],[113.3702385,23.0407566],[113.3702365,23.0407665],[113.370233,23.0407732],[113.3702285,23.0407765],[113.3702224,23.0407785],[113.3702144,23.0407787],[113.3700856,23.0407784],[113.3700796,23.040777],[113.3700742,23.0407747],[113.3700689,23.0407687],[113.3700655,23.0407626],[113.3700612,23.0407545],[113.3700583,23.040746],[113.3700565,23.0407379],[113.3700548,23.04073],[113.3700529,23.040721],[113.3700518,23.0407153],[113.3700498,23.0407056],[113.3700481,23.0406917],[113.3700479,23.0406291],[113.3700476,23.0406146],[113.3700461,23.040599],[113.3700417,23.0405837],[113.3700348,23.0405673],[113.3700236,23.0405504],[113.370008,23.0405309],[113.3699884,23.0405122],[113.3699635,23.0404896],[113.3699386,23.0404688],[113.3699403,23.0404622],[113.3701819,23.0404634],[113.3701877,23.0404244],[113.370208,23.0404222]]]}},{"type":"Feature","properties":{"kind":"road","name":""},"geometry":{"type":"LineString","coordinates":[[113.3728639,23.0435112],[113.3727225,23.043471],[113.3725793,23.0434302]]}},{"type":"Feature","properties":{"kind":"road","name":""},"geometry":{"type":"LineString","coordinates":[[113.3725793,23.0434302],[113.3724185,23.0433842]]}},{"type":"Feature","properties":{"kind":"road","name":""},"geometry":{"type":"LineString","coordinates":[[113.3661088,23.0433077],[113.3660579,23.0434042]]}},{"type":"Feature","properties":{"kind":"road","name":""},"geometry":{"type":"LineString","coordinates":[[113.3661088,23.0433077],[113.3661759,23.0431833]]}},{"type":"Feature","properties":{"kind":"road","name":""},"geometry":{"type":"LineString","coordinates":[[113.3730384,23.0425154],[113.3730386,23.0425055],[113.373109,23.0425059],[113.3731688,23.0425062]]}},{"type":"Feature","properties":{"kind":"road","name":""},"geometry":{"type":"LineString","coordinates":[[113.3700915,23.042523],[113.3705441,23.0424802],[113.3706194,23.0424668],[113.3710768,23.0424242]]}},{"type":"Feature","properties":{"kind":"road","name":""},"geometry":{"type":"LineString","coordinates":[[113.3719849,23.0423347],[113.3720805,23.0423254],[113.3721559,23.0423144],[113.3722429,23.0423059]]}},{"type":"Feature","properties":{"kind":"road","name":""},"geometry":{"type":"LineString","coordinates":[[113.3715049,23.0439567],[113.3715305,23.0439431],[113.3715731,23.0439205],[113.3716177,23.0438952],[113.3716546,23.0438736],[113.3716845,23.0438476],[113.3717058,23.0438217],[113.371729,23.0437888],[113.3717471,23.0437511],[113.3717568,23.04372],[113.371761,23.0436991],[113.3717637,23.043686],[113.3717658,23.0436724],[113.3717714,23.0436364]]}},{"type":"Feature","properties":{"kind":"road","name":""},"geometry":{"type":"LineString","coordinates":[[113.3698466,23.0422223],[113.3698318,23.0420925],[113.3698236,23.0420214]]}},{"type":"Feature","properties":{"kind":"road","name":""},"geometry":{"type":"LineString","coordinates":[[113.3665039,23.0445353],[113.3665833,23.0445302],[113.3666047,23.044529],[113.3666262,23.0445299],[113.3666498,23.0445315],[113.3666734,23.0445358],[113.3668555,23.0445796],[113.3668892,23.0445833],[113.3669187,23.0445801],[113.3669374,23.0445694],[113.3669518,23.0445488],[113.366963,23.0445262],[113.3670372,23.0443622],[113.3671515,23.0441098],[113.3671757,23.0440564],[113.3672182,23.0439624],[113.3672681,23.0438523],[113.3672993,23.0437539],[113.3673189,23.0436919]]}},{"type":"Feature","properties":{"kind":"road","name":""},"geometry":{"type":"LineString","coordinates":[[113.3673344,23.0436386],[113.3673561,23.0435701],[113.3673738,23.0435388],[113.3673933,23.0435192],[113.3674238,23.0434985],[113.3674557,23.043463],[113.3674738,23.0434179],[113.3674853,23.04336],[113.3674853,23.0433051],[113.3674689,23.0432395],[113.367453,23.0431996],[113.3674265,23.0431581],[113.3673862,23.0431235],[113.3673491,23.0431015],[113.3673075,23.0430853],[113.3672628,23.0430747],[113.3671883,23.0430638]]}},{"type":"Feature","properties":{"kind":"road","name":""},"geometry":{"type":"LineString","coordinates":[[113.3673189,23.0436919],[113.367327,23.0436639],[113.3673344,23.0436386]]}},{"type":"Feature","properties":{"kind":"road","name":""},"geometry":{"type":"LineString","coordinates":[[113.367327,23.0436639],[113.3668483,23.0435371]]}},{"type":"Feature","properties":{"kind":"road","name":""},"geometry":{"type":"LineString","coordinates":[[113.3668483,23.0435371],[113.3667193,23.0435005]]}},{"type":"Feature","properties":{"kind":"road","name":""},"geometry":{"type":"LineString","coordinates":[[113.3722429,23.0423059],[113.3725734,23.0422734]]}},{"type":"Feature","properties":{"kind":"road","name":""},"geometry":{"type":"LineString","coordinates":[[113.3716471,23.0423675],[113.3719849,23.0423347]]}},{"type":"Feature","properties":{"kind":"road","name":""},"geometry":{"type":"LineString","coordinates":[[113.3696963,23.0422373],[113.369727,23.0422344]]}},{"type":"Feature","properties":{"kind":"road","name":""},"geometry":{"type":"LineString","coordinates":[[113.369727,23.0422344],[113.3698466,23.0422223]]}},{"type":"Feature","properties":{"kind":"road","name":""},"geometry":{"type":"LineString","coordinates":[[113.3695367,23.0422549],[113.3695093,23.0422568]]}},{"type":"Feature","properties":{"kind":"road","name":""},"geometry":{"type":"LineString","coordinates":[[113.3695093,23.0422568],[113.3693885,23.0422661]]}},{"type":"Feature","properties":{"kind":"road","name":"大学城中环西路"},"geometry":{"type":"LineString","coordinates":[[113.371536,23.0492331],[113.3713403,23.0491792],[113.3712127,23.0491417],[113.370902,23.0490517],[113.370747,23.048995],[113.3706207,23.0489464],[113.3704761,23.0488861],[113.37034,23.0488229],[113.3702213,23.0487626],[113.3701524,23.0487276],[113.3698779,23.0485755],[113.369713,23.048474],[113.369616,23.0484079],[113.3695941,23.048393],[113.369437,23.0482827],[113.3693807,23.0482366],[113.3688743,23.0478222],[113.3686263,23.0476193],[113.3685479,23.0475554],[113.3682203,23.0472897],[113.3674291,23.0466476],[113.3671466,23.0464184],[113.3671032,23.0463782],[113.3669512,23.0462372],[113.3667735,23.0460725],[113.3666758,23.0459753],[113.366606,23.0458976],[113.3665349,23.0458097],[113.3664755,23.0457347],[113.366425,23.0456594],[113.3663742,23.0455766],[113.3663167,23.045471],[113.3662798,23.0454013],[113.3662395,23.045311],[113.3661995,23.0452112],[113.366173,23.0451397],[113.3661447,23.0450569],[113.3661218,23.0449746],[113.3660966,23.0448619],[113.3660846,23.0447949],[113.3660717,23.0447026],[113.3660635,23.0446059],[113.3660557,23.0444653],[113.366054,23.0443671],[113.3660619,23.0442639],[113.3660718,23.0441674],[113.3660861,23.04408],[113.3661027,23.043989],[113.3661231,23.0438962],[113.36615,23.0437995],[113.3661854,23.0436913],[113.366221,23.043596],[113.3662553,23.0435121],[113.3662983,23.043428],[113.3663322,23.0433627],[113.3663792,23.0432813],[113.3664192,23.043217],[113.3664627,23.0431547],[113.3665071,23.0430948],[113.3665581,23.0430282],[113.3666105,23.0429662],[113.3666613,23.0429082],[113.3667174,23.0428488],[113.3668135,23.0427557],[113.3668995,23.0426814],[113.3669818,23.0426138],[113.367069,23.0425497],[113.3670909,23.0425353],[113.3671513,23.0424953],[113.3672077,23.0424605],[113.3672773,23.0424204],[113.3673494,23.0423829],[113.3674145,23.0423501],[113.3674949,23.0423115],[113.3675489,23.0422875],[113.3675975,23.0422699],[113.367719,23.0422254],[113.367812,23.0421939],[113.3678924,23.04217],[113.3680039,23.0421415],[113.3681023,23.0421195],[113.3682146,23.0421029],[113.3683402,23.0420859],[113.3684962,23.0420675],[113.3692631,23.0419909],[113.3693258,23.0419846],[113.3693642,23.0419809],[113.3697265,23.0419463],[113.3728476,23.0416293],[113.3739521,23.0415171]]}},{"type":"Feature","properties":{"kind":"road","name":""},"geometry":{"type":"LineString","coordinates":[[113.3658795,23.0437148],[113.365879,23.0438216],[113.3658359,23.0438568],[113.3658321,23.0443046],[113.3657966,23.0443607],[113.3658055,23.0446234],[113.3658636,23.0446581],[113.3658706,23.0448066]]}},{"type":"Feature","properties":{"kind":"road","name":""},"geometry":{"type":"LineString","coordinates":[[113.3671757,23.0440564],[113.3668849,23.0439495]]}},{"type":"Feature","properties":{"kind":"road","name":""},"geometry":{"type":"LineString","coordinates":[[113.3672182,23.0439624],[113.3674125,23.0440351]]}},{"type":"Feature","properties":{"kind":"road","name":""},"geometry":{"type":"LineString","coordinates":[[113.3672993,23.0437539],[113.3670671,23.0436759]]}},{"type":"Feature","properties":{"kind":"road","name":"广州大学环校西路"},"geometry":{"type":"LineString","coordinates":[[113.3608436,23.0429398],[113.3608421,23.0428364],[113.3608419,23.0428218],[113.3608402,23.0426968],[113.3608401,23.0426833],[113.3608402,23.0424867],[113.3608412,23.0423599],[113.3608439,23.0422103],[113.3608457,23.0421487],[113.3608476,23.0420819],[113.3608587,23.0418002],[113.3608762,23.041277],[113.3608812,23.0411386],[113.3608867,23.0410587],[113.3608968,23.0409901],[113.3609128,23.0409113],[113.3609368,23.0408192],[113.3609634,23.0407373],[113.3609884,23.0406791],[113.3610156,23.0406144],[113.3610523,23.0405443],[113.3610912,23.0404792],[113.3611412,23.0404081],[113.3611998,23.0403332],[113.3612748,23.0402499],[113.3613504,23.0401789],[113.3614558,23.0400931],[113.3615559,23.040026],[113.3616491,23.0399741],[113.3617923,23.039908],[113.3619307,23.039858],[113.3620164,23.0398355],[113.362144,23.0398122],[113.3622614,23.0397962],[113.3623744,23.0397916],[113.3625134,23.0397907],[113.3626723,23.0397972],[113.3628362,23.0398091],[113.3629922,23.0398284],[113.3631891,23.0398652],[113.3633411,23.0399002],[113.363495,23.0399416],[113.3636849,23.0400097],[113.3637557,23.0400384],[113.3638639,23.0400823],[113.3640698,23.0401771],[113.3642457,23.0402534],[113.3643227,23.0402773],[113.3644007,23.0402939],[113.3644534,23.0403028],[113.3644957,23.0403084],[113.3645504,23.0403115],[113.3646061,23.0403124],[113.3646704,23.0403125],[113.3647301,23.0403125],[113.3649386,23.0403096]]}},{"type":"Feature","properties":{"kind":"water","name":""},"geometry":{"type":"LineString","coordinates":[[113.3628251,23.0437998],[113.3628405,23.043777],[113.3628546,23.0437622],[113.3628619,23.0437578],[113.362874,23.0437566],[113.3628841,23.0437603],[113.3628928,23.0437671],[113.3629082,23.0437819],[113.3629357,23.0437979],[113.3629605,23.0438121],[113.3629867,23.0438276],[113.3630309,23.0438566],[113.3630725,23.0438917],[113.3630997,23.043926],[113.3631117,23.0439476],[113.3631191,23.0439642],[113.3631241,23.0439797],[113.3631258,23.0439966],[113.3631265,23.0440071],[113.3631288,23.044017],[113.3631339,23.0440238],[113.3631422,23.0440272],[113.3631526,23.0440275],[113.3631637,23.0440259],[113.3631754,23.0440262],[113.3631868,23.0440306],[113.3631945,23.0440414],[113.3631986,23.0440577],[113.3631976,23.0440722],[113.3631909,23.0440886],[113.3631738,23.0441071],[113.3631559,23.0441224]]}},{"type":"Feature","properties":{"kind":"building","name":"党建红色文化长廊"},"geometry":{"type":"Polygon","coordinates":[[[113.3622153,23.0420011],[113.3622162,23.0419697],[113.3622197,23.0419235],[113.3622242,23.0418823],[113.3622262,23.0418703],[113.3622294,23.0418506],[113.3622324,23.0418327],[113.3622452,23.0417802],[113.3622607,23.0417315],[113.3622819,23.0416767],[113.3623019,23.0416337],[113.3623212,23.041596],[113.3623275,23.0415855],[113.3623424,23.0415608],[113.3623671,23.0415245],[113.3624071,23.0415192],[113.3624369,23.0415123],[113.3624649,23.0415031],[113.3624931,23.04149],[113.3625166,23.0414748],[113.362532,23.0414632],[113.3625403,23.0414563],[113.3625472,23.04145],[113.3625653,23.0414323],[113.3625856,23.0414081],[113.3626041,23.0413789],[113.3626158,23.0413504],[113.3626241,23.0413178],[113.3626288,23.0412835],[113.3626868,23.0412506],[113.362728,23.0412304],[113.3627473,23.041222],[113.362782,23.0412069],[113.3628137,23.0411956],[113.3628415,23.0411857],[113.362893,23.0411722],[113.3629487,23.0411595],[113.3629954,23.0411519],[113.3630496,23.0411457],[113.3630956,23.0411437],[113.3631034,23.0411434],[113.3631332,23.0411425],[113.3633801,23.0411422],[113.3634103,23.0411423],[113.3634279,23.0411421],[113.3634431,23.0411422],[113.3634432,23.0411133],[113.3634432,23.0410843],[113.3633627,23.0410843],[113.3633628,23.0409081],[113.3633406,23.0409081],[113.3633184,23.0409081],[113.3633186,23.0410851],[113.3630976,23.0410853],[113.3630739,23.0410853],[113.3630434,23.041088],[113.3629879,23.0410933],[113.3629372,23.0411016],[113.3629034,23.0411079],[113.3628723,23.0411152],[113.3628354,23.0411248],[113.3627805,23.0411425],[113.3627343,23.0411602],[113.3627003,23.0411763],[113.362688,23.0411821],[113.362635,23.041209],[113.3625788,23.0412398],[113.3625353,23.0412678],[113.3625003,23.0412934],[113.3624686,23.0413187],[113.3624341,23.0413516],[113.3623981,23.0413884],[113.3623689,23.0414194],[113.3623402,23.0414539],[113.3623098,23.0414963],[113.3622849,23.041536],[113.3622638,23.0415719],[113.362209,23.0415472],[113.3621918,23.0415794],[113.3622467,23.0416042],[113.3622319,23.0416319],[113.362009,23.0416317],[113.3620087,23.0415628],[113.3620175,23.0415629],[113.3620178,23.041494],[113.3619959,23.0414938],[113.3619728,23.0414935],[113.3619725,23.0415624],[113.361983,23.0415627],[113.361983,23.0416795],[113.362157,23.0416795],[113.3621955,23.0417278],[113.3621852,23.0417591],[113.3621824,23.0417697],[113.3621767,23.0417915],[113.362169,23.0418332],[113.3621666,23.04185],[113.3621657,23.041856],[113.3621623,23.0418805],[113.3621602,23.0418952],[113.362157,23.0419274],[113.3621547,23.0419594],[113.3621533,23.0420011],[113.3621535,23.0421174],[113.3621537,23.0422231],[113.3621539,23.0423195],[113.3620928,23.0423196],[113.3620929,23.0423555],[113.362154,23.0423554],[113.362154,23.0424037],[113.3619563,23.042404],[113.361956,23.0424239],[113.3619556,23.0424453],[113.3620338,23.0424452],[113.3621541,23.042445],[113.3621543,23.0425817],[113.3621547,23.0425838],[113.362155,23.0425857],[113.3621602,23.0426034],[113.3621682,23.0426302],[113.3621693,23.0426349],[113.3621694,23.0426398],[113.3621696,23.0426524],[113.3622314,23.0426524],[113.3622313,23.0426396],[113.3622313,23.042636],[113.36223,23.0426295],[113.3622279,23.0426218],[113.3622272,23.042619],[113.3622224,23.0426034],[113.3622171,23.0425862],[113.3622167,23.0425839],[113.362216,23.0425804],[113.3622157,23.0425751],[113.3622157,23.0425049],[113.3622157,23.042491],[113.3622157,23.0424771],[113.3622156,23.0421677],[113.3622156,23.0421322],[113.3622153,23.0420011]]]}},{"type":"Feature","properties":{"kind":"road","name":""},"geometry":{"type":"LineString","coordinates":[[113.3626682,23.0429376],[113.363072,23.0429375]]}},{"type":"Feature","properties":{"kind":"road","name":""},"geometry":{"type":"LineString","coordinates":[[113.3633512,23.0441828],[113.363366,23.0441733],[113.3633836,23.044162],[113.3634001,23.0441506],[113.3634128,23.0441358],[113.3634209,23.0441182],[113.3634373,23.0440839],[113.3634473,23.0440664],[113.3634574,23.0440537],[113.3634691,23.0440435],[113.3635047,23.0440198],[113.3635174,23.0440087],[113.3635305,23.0439945],[113.3635422,23.0439794],[113.3635499,23.0439615],[113.3635556,23.0439454],[113.3635576,23.0439284],[113.3635556,23.043913],[113.363554,23.0438979],[113.3635533,23.0438843],[113.3635546,23.043872],[113.3635576,23.0438643],[113.36356,23.0438566],[113.3635603,23.0438485],[113.3635586,23.0438402],[113.3635543,23.0438297],[113.3635456,23.0438124],[113.3635087,23.0437674],[113.363502,23.0437563],[113.363498,23.0437439],[113.3634956,23.0437291],[113.3634936,23.0437116],[113.3634916,23.0437001],[113.3634872,23.0436881],[113.3634799,23.0436767],[113.3634447,23.043632],[113.3634363,23.0436181],[113.3634299,23.0436036],[113.3634255,23.0435875],[113.3634219,23.0435616],[113.3634185,23.0435474],[113.3634128,23.0435314],[113.3634044,23.0435163],[113.3634001,23.0435061],[113.3633954,23.0434919],[113.363386,23.0434676],[113.3633758,23.0434374],[113.3633639,23.0434001]]}},{"type":"Feature","properties":{"kind":"road","name":""},"geometry":{"type":"LineString","coordinates":[[113.3667749,23.0425575],[113.3666479,23.0424296],[113.366501,23.0422817],[113.3664738,23.0422503],[113.3664465,23.042217],[113.366426,23.0421863],[113.3664024,23.0421454],[113.3663853,23.0421071],[113.3663686,23.0420633],[113.3663535,23.0419987],[113.3663455,23.0419623],[113.366336,23.0419289],[113.3663224,23.0419031],[113.3663081,23.0418784],[113.3662864,23.0418501],[113.3662633,23.041825],[113.3662375,23.041805],[113.3662098,23.041787],[113.3661822,23.0417745],[113.3661445,23.0417623],[113.3661123,23.0417542],[113.3660585,23.0417497],[113.3654649,23.0417497],[113.3651981,23.0417497],[113.3651643,23.0417497],[113.3647086,23.0417497],[113.364667,23.0417497],[113.3644037,23.0417497],[113.3636161,23.0417495],[113.3635629,23.0417539],[113.3635171,23.0417632],[113.3634756,23.0417744],[113.3634335,23.0417921],[113.3633899,23.0418141],[113.3633769,23.0418224],[113.3633542,23.0418367],[113.3633116,23.0418709],[113.3632791,23.0419043],[113.3632515,23.041939],[113.3632243,23.0419797],[113.3632046,23.0420184],[113.3631881,23.0420605],[113.3631748,23.0421036],[113.3631668,23.0421409],[113.3631636,23.0421869],[113.3631652,23.0428493]]}},{"type":"Feature","properties":{"kind":"road","name":""},"geometry":{"type":"LineString","coordinates":[[113.3632713,23.0429136],[113.3632755,23.0429305],[113.3632762,23.0429479],[113.3632734,23.0429651],[113.3632672,23.0429815],[113.3632579,23.0429966],[113.3632457,23.0430098],[113.3632311,23.0430208],[113.3632145,23.0430291],[113.3631966,23.0430345],[113.3631779,23.0430367],[113.3631591,23.0430358],[113.3631407,23.0430316],[113.3631236,23.0430245],[113.3631081,23.0430145],[113.3630949,23.0430022],[113.3630843,23.0429878],[113.3630769,23.0429718],[113.3630727,23.0429549],[113.363072,23.0429375],[113.3630748,23.0429204],[113.3630809,23.042904],[113.3630903,23.0428889],[113.3631025,23.0428756],[113.3631171,23.0428646],[113.3631336,23.0428563],[113.3631516,23.042851],[113.3631652,23.0428493],[113.3631703,23.0428487],[113.3631891,23.0428497],[113.3632074,23.0428538],[113.3632246,23.0428609],[113.3632401,23.0428709],[113.3632533,23.0428833],[113.3632638,23.0428977],[113.3632713,23.0429136]]}},{"type":"Feature","properties":{"kind":"building","name":""},"geometry":{"type":"Polygon","coordinates":[[[113.3642188,23.0412672],[113.3641044,23.0412671],[113.3640626,23.0409489],[113.3640816,23.0409489],[113.3640811,23.0408102],[113.3642277,23.0407764],[113.3642277,23.041223],[113.364219,23.041223],[113.3642188,23.0412672]]]}},{"type":"Feature","properties":{"kind":"building","name":"行政西楼"},"geometry":{"type":"Polygon","coordinates":[[[113.3642567,23.0416818],[113.3642569,23.0415726],[113.364257,23.0415384],[113.3641402,23.0415389],[113.3641044,23.0412671],[113.3640626,23.0409489],[113.3640816,23.0409489],[113.3640811,23.0408102],[113.3640327,23.0408102],[113.3639928,23.0408102],[113.3639928,23.0408695],[113.3639021,23.0408693],[113.3639019,23.0405227],[113.3640031,23.0405227],[113.3640101,23.0405768],[113.3641373,23.0405772],[113.364137,23.0405929],[113.3641656,23.0406221],[113.3641585,23.0406315],[113.3641538,23.0406442],[113.3641532,23.0406576],[113.3641567,23.0406706],[113.3641641,23.0406821],[113.3641747,23.0406913],[113.3641877,23.0406974],[113.364202,23.0406999],[113.3642165,23.0406985],[113.3642277,23.0406943],[113.3642277,23.0407764],[113.3642277,23.041223],[113.364219,23.041223],[113.3642188,23.0412672],[113.3643352,23.0412672],[113.3643347,23.0405701],[113.364319,23.0405699],[113.3643195,23.0405236],[113.3643197,23.0404363],[113.3640803,23.0404369],[113.3639911,23.040436],[113.3639851,23.0403825],[113.3637924,23.0403825],[113.3637567,23.0403825],[113.3637209,23.0403825],[113.3637145,23.0403825],[113.3637146,23.0404373],[113.3637025,23.0404373],[113.3637026,23.0405222],[113.3637482,23.0405221],[113.3637484,23.0410051],[113.3638139,23.0410051],[113.363994,23.041005],[113.3639941,23.0412089],[113.3639941,23.0412229],[113.3636258,23.0412222],[113.3636259,23.0413526],[113.3634304,23.0413526],[113.3634305,23.0416823],[113.3635182,23.0416823],[113.3636344,23.0416822],[113.3642567,23.0416818]]]}},{"type":"Feature","properties":{"kind":"road","name":""},"geometry":{"type":"LineString","coordinates":[[113.3645416,23.0393114],[113.3645384,23.0393662],[113.3645294,23.0395163],[113.3645262,23.0395711]]}},{"type":"Feature","properties":{"kind":"road","name":"广州大学环校南路"},"geometry":{"type":"LineString","coordinates":[[113.3728476,23.0416293],[113.3728217,23.0415835],[113.3728029,23.0415503],[113.3727653,23.0414748],[113.3727415,23.0414263],[113.3727171,23.0413722],[113.3726978,23.0413249],[113.3726869,23.041298],[113.3726778,23.0412737],[113.3726617,23.0412285],[113.3726493,23.0411887],[113.3726346,23.0411415],[113.3726181,23.0410795],[113.3726081,23.041041],[113.3725974,23.0409863],[113.3725865,23.040924],[113.3725823,23.0408969],[113.3725777,23.0408645],[113.3725741,23.0408339],[113.3725704,23.040796],[113.3725632,23.0407102],[113.3725546,23.0406118],[113.3725514,23.0405754],[113.3725437,23.0404674],[113.372535,23.0403742],[113.3725276,23.0403258],[113.3725177,23.0402804],[113.3725047,23.0402338],[113.3724907,23.0401939],[113.372473,23.0401501],[113.3724524,23.0401075],[113.3724344,23.0400752],[113.3724046,23.0400231],[113.3723761,23.0399836],[113.3723523,23.0399534],[113.372311,23.0399083],[113.3722658,23.0398639],[113.3722274,23.0398314],[113.3721814,23.0397965],[113.372134,23.0397646],[113.3720857,23.0397376],[113.3720291,23.0397101],[113.3719759,23.0396871],[113.3719149,23.0396661],[113.371876,23.0396556],[113.3718415,23.0396476],[113.3717984,23.039639],[113.3717481,23.0396316],[113.3716898,23.039627],[113.3716311,23.0396246],[113.3715852,23.0396262],[113.3715436,23.0396288],[113.3714822,23.039635],[113.3708968,23.039695],[113.3708325,23.0397016],[113.3707364,23.0397152],[113.3706816,23.0397258],[113.370641,23.0397348],[113.3706036,23.039744],[113.3705468,23.0397602],[113.3704811,23.0397825],[113.3703788,23.0398176],[113.3703072,23.0398489],[113.3702819,23.0398599],[113.3701901,23.0398975],[113.3701482,23.0399133],[113.3700955,23.0399309],[113.3700409,23.039942],[113.3699929,23.0399506],[113.3699383,23.0399577],[113.3698756,23.0399608],[113.3695896,23.0399784],[113.3693945,23.0399882],[113.3692121,23.0399969],[113.3690384,23.0400031],[113.3688332,23.0400098],[113.368611,23.0400145],[113.3682297,23.0400191],[113.3679796,23.0400191],[113.3676893,23.0400148],[113.3674137,23.0400117],[113.3672681,23.040008],[113.3671132,23.0400086],[113.366961,23.0400172],[113.3668162,23.0400308],[113.3666881,23.0400462],[113.3665634,23.0400641],[113.3664092,23.0400894],[113.3662832,23.0401167],[113.3658201,23.0402322],[113.3657331,23.0402528],[113.3656615,23.0402677],[113.3656162,23.0402756],[113.3655623,23.0402855],[113.3655075,23.0402923],[113.3654643,23.0402976],[113.3654329,23.0403012],[113.3653976,23.0403037],[113.3653143,23.0403075],[113.3652603,23.0403083],[113.365193,23.0403094],[113.3651664,23.0403098],[113.3649386,23.0403096]]}},{"type":"Feature","properties":{"kind":"road","name":""},"geometry":{"type":"LineString","coordinates":[[113.3622162,23.0433972],[113.3623009,23.0433972],[113.3625293,23.0433973],[113.3630389,23.0433975],[113.363041,23.0432729]]}},{"type":"Feature","properties":{"kind":"road","name":""},"geometry":{"type":"LineString","coordinates":[[113.3647372,23.0417956],[113.3651317,23.0417953],[113.3651642,23.0417952],[113.3651966,23.0417952],[113.3660469,23.0417977],[113.3660868,23.0417998],[113.3661239,23.0418068],[113.3661575,23.0418171],[113.3661834,23.0418282],[113.3662111,23.0418449],[113.3662306,23.0418619],[113.3662529,23.0418852],[113.3662706,23.0419083],[113.3662864,23.0419352],[113.3662997,23.0419657],[113.3663067,23.0419886],[113.3663115,23.0420133],[113.3663197,23.0420621],[113.3663302,23.0420998],[113.3663436,23.0421354],[113.3663607,23.0421705],[113.3663762,23.0421967],[113.3663951,23.0422288],[113.3664213,23.0422618],[113.3664508,23.0422944],[113.3664901,23.0423359],[113.3667333,23.0425905],[113.3667403,23.0425978],[113.366747,23.0426048],[113.3667621,23.0426205]]}},{"type":"Feature","properties":{"kind":"road","name":""},"geometry":{"type":"LineString","coordinates":[[113.3631175,23.0427296],[113.3631165,23.0424891],[113.3631152,23.0421722],[113.363121,23.0421212],[113.3631343,23.0420662],[113.363151,23.0420128],[113.3631706,23.0419703],[113.3631937,23.0419325],[113.363226,23.0418877],[113.3632494,23.0418612],[113.3632612,23.0418505],[113.363292,23.0418239],[113.3633243,23.0417997],[113.3633408,23.0417895],[113.3633573,23.0417793],[113.3634145,23.0417496],[113.3634662,23.0417299],[113.3635214,23.0417156],[113.3635786,23.0417084],[113.3636352,23.0417037],[113.3643648,23.0417031]]}},{"type":"Feature","properties":{"kind":"road","name":""},"geometry":{"type":"LineString","coordinates":[[113.3646228,23.0397422],[113.364625,23.0401569],[113.3646228,23.0401769],[113.3646162,23.0401952],[113.3646083,23.0402094],[113.3645984,23.040221],[113.3645837,23.0402307],[113.3645658,23.040238],[113.3645433,23.0402412],[113.364515,23.040241],[113.3644571,23.0402346],[113.3643614,23.0402153],[113.3643008,23.0402004],[113.3642422,23.0401793],[113.3641856,23.0401551],[113.36414,23.0401336]]}},{"type":"Feature","properties":{"kind":"road","name":""},"geometry":{"type":"LineString","coordinates":[[113.3651657,23.0397895],[113.3651656,23.0397284],[113.3651655,23.0396826],[113.3651654,23.0395574]]}},{"type":"Feature","properties":{"kind":"road","name":""},"geometry":{"type":"LineString","coordinates":[[113.3651664,23.0403098],[113.3651657,23.0397895]]}},{"type":"Feature","properties":{"kind":"road","name":""},"geometry":{"type":"LineString","coordinates":[[113.3654643,23.0402976],[113.3654643,23.040354],[113.3654643,23.0403661],[113.3654649,23.041719],[113.3654649,23.0417497]]}},{"type":"Feature","properties":{"kind":"road","name":""},"geometry":{"type":"LineString","coordinates":[[113.3652596,23.0403643],[113.3652603,23.0403083],[113.3652613,23.0402332]]}},{"type":"Feature","properties":{"kind":"road","name":""},"geometry":{"type":"LineString","coordinates":[[113.3646359,23.0396493],[113.3649424,23.0396686],[113.3651655,23.0396826],[113.3652301,23.0396867]]}},{"type":"Feature","properties":{"kind":"road","name":""},"geometry":{"type":"LineString","coordinates":[[113.3651207,23.0394016],[113.3651405,23.0394309],[113.3651527,23.0394572],[113.3651603,23.0394853],[113.3651644,23.0395195],[113.3651654,23.0395574]]}},{"type":"Feature","properties":{"kind":"road","name":""},"geometry":{"type":"LineString","coordinates":[[113.3646056,23.0402332],[113.3646061,23.0403124],[113.3646064,23.0403637]]}},{"type":"Feature","properties":{"kind":"road","name":""},"geometry":{"type":"LineString","coordinates":[[113.3647271,23.0397729],[113.3647301,23.0403125]]}},{"type":"Feature","properties":{"kind":"road","name":""},"geometry":{"type":"LineString","coordinates":[[113.3636536,23.0400676],[113.3637135,23.0400925]]}},{"type":"Feature","properties":{"kind":"road","name":""},"geometry":{"type":"LineString","coordinates":[[113.3621772,23.0398754],[113.3622092,23.0398714],[113.3622482,23.0398663],[113.362306,23.0398611],[113.3623768,23.0398593],[113.3625477,23.0398611],[113.3626411,23.0398643],[113.3627525,23.0398713],[113.3628519,23.0398805],[113.3629438,23.0398921],[113.3630673,23.0399101],[113.3631436,23.0399256],[113.3631678,23.0399305],[113.3632947,23.0399582],[113.3633897,23.0399837],[113.3634544,23.0400026],[113.3635148,23.0400206]]}},{"type":"Feature","properties":{"kind":"road","name":""},"geometry":{"type":"LineString","coordinates":[[113.3639603,23.0401999],[113.3640846,23.0402609]]}},{"type":"Feature","properties":{"kind":"road","name":""},"geometry":{"type":"LineString","coordinates":[[113.3637135,23.0400925],[113.3637559,23.0401097],[113.3638083,23.0401309]]}},{"type":"Feature","properties":{"kind":"road","name":""},"geometry":{"type":"LineString","coordinates":[[113.3635148,23.0400206],[113.3636536,23.0400676]]}},{"type":"Feature","properties":{"kind":"road","name":""},"geometry":{"type":"LineString","coordinates":[[113.3638083,23.0401309],[113.3638976,23.0401716],[113.3639603,23.0401999]]}},{"type":"Feature","properties":{"kind":"road","name":""},"geometry":{"type":"LineString","coordinates":[[113.3640846,23.0402609],[113.364178,23.0402993],[113.3642164,23.0403143],[113.3642496,23.0403266],[113.3642793,23.0403358],[113.3643129,23.040344],[113.3643533,23.0403535]]}},{"type":"Feature","properties":{"kind":"road","name":""},"geometry":{"type":"LineString","coordinates":[[113.3644007,23.0402939],[113.3644008,23.0403452],[113.3644008,23.0403621],[113.3644036,23.0417031],[113.3644036,23.0417177],[113.3644037,23.0417497]]}},{"type":"Feature","properties":{"kind":"road","name":""},"geometry":{"type":"LineString","coordinates":[[113.3637557,23.0400384],[113.3637559,23.0401097],[113.3637567,23.0403825]]}},{"type":"Feature","properties":{"kind":"road","name":""},"geometry":{"type":"LineString","coordinates":[[113.3622294,23.0418506],[113.3632494,23.0418612]]}},{"type":"Feature","properties":{"kind":"road","name":""},"geometry":{"type":"LineString","coordinates":[[113.3633406,23.0409081],[113.3633398,23.0411136],[113.3631165,23.0411144],[113.363054,23.041117],[113.3629875,23.0411234],[113.3629317,23.0411326],[113.3628813,23.0411434],[113.3628301,23.0411586],[113.362778,23.0411762],[113.3626623,23.0412278],[113.3625725,23.0412797],[113.3624782,23.0413497],[113.3624017,23.0414271],[113.3623438,23.0415033],[113.3622909,23.0415851],[113.3622485,23.0416747],[113.3622228,23.0417456],[113.3622037,23.041816],[113.3621977,23.0418503],[113.3621921,23.0418827],[113.3621868,23.0419306],[113.362185,23.0419871],[113.3621846,23.0420449],[113.3621855,23.0424252],[113.3621856,23.0424912],[113.3621859,23.0426035]]}},{"type":"Feature","properties":{"kind":"road","name":""},"geometry":{"type":"LineString","coordinates":[[113.3633398,23.0411136],[113.3634432,23.0411133]]}},{"type":"Feature","properties":{"kind":"road","name":""},"geometry":{"type":"LineString","coordinates":[[113.3657566,23.0435851],[113.3657572,23.043632],[113.3658795,23.043705]]}},{"type":"Feature","properties":{"kind":"road","name":""},"geometry":{"type":"LineString","coordinates":[[113.3658792,23.0436395],[113.3658795,23.043705],[113.3658795,23.0437148]]}},{"type":"Feature","properties":{"kind":"road","name":""},"geometry":{"type":"LineString","coordinates":[[113.3655111,23.040359],[113.3655657,23.0403528],[113.3656203,23.0403451],[113.3656784,23.0403337],[113.3658075,23.0403056],[113.3658427,23.0402968],[113.3658779,23.040288],[113.3662193,23.0402024]]}},{"type":"Feature","properties":{"kind":"road","name":""},"geometry":{"type":"LineString","coordinates":[[113.3647086,23.0417497],[113.3647089,23.0417811],[113.3647089,23.0417956],[113.3647093,23.0419541],[113.3647097,23.0421323],[113.3647102,23.042312],[113.3647106,23.042471],[113.3647034,23.042471],[113.3646875,23.0424721],[113.3646703,23.0424755],[113.3646542,23.0424804],[113.3646368,23.0424879],[113.3646177,23.0424965],[113.3645935,23.0425089],[113.3645744,23.0425198],[113.3645542,23.0425343],[113.364538,23.0425518],[113.3645195,23.0425725],[113.3645008,23.0425956],[113.3644848,23.0426222],[113.3644729,23.0426456],[113.3644503,23.0426942],[113.3644331,23.0427346],[113.3644148,23.0427814],[113.3643955,23.0428356],[113.3643857,23.0428685],[113.3643811,23.042889],[113.3641304,23.0428893],[113.3641195,23.0430401],[113.3641185,23.0430771],[113.3641189,23.0431303],[113.3641245,23.0431877],[113.3641332,23.0432338],[113.364145,23.0432806],[113.3641589,23.0433295],[113.3641759,23.0433724],[113.3642003,23.0434227],[113.3642216,23.0434609],[113.3642478,23.0435021],[113.3642746,23.0435375],[113.3643049,23.0435725],[113.3643348,23.0436054],[113.3643703,23.0436377],[113.3644067,23.0436693],[113.3644493,23.0437014],[113.3644886,23.0437261],[113.364525,23.0437469],[113.3645679,23.0437681],[113.3646036,23.0437838],[113.3646382,23.0437988],[113.364685,23.0438129],[113.3647541,23.0438301],[113.3648051,23.0438391],[113.3648553,23.0438456],[113.3649156,23.0438481],[113.3649848,23.0438471],[113.3650458,23.0438428],[113.3651193,23.0438301],[113.3651798,23.0438149],[113.3652327,23.0437983],[113.3652849,23.0437789],[113.3653356,23.0437536],[113.3653804,23.0437291],[113.3654269,23.0436975],[113.3654797,23.0436582],[113.3655242,23.0436201],[113.3655602,23.0435839],[113.3655951,23.0435411],[113.3656066,23.0435275],[113.3656299,23.0434974],[113.3656633,23.0434416],[113.3656815,23.0434015],[113.3657023,23.0433551],[113.3657165,23.0433127],[113.3657255,23.0432844],[113.3657309,23.0432609],[113.3657343,23.0432459],[113.3657372,23.0432311],[113.3657449,23.0431917],[113.3657506,23.0431509],[113.3657526,23.0430954],[113.3657524,23.0429593]]}},{"type":"Feature","properties":{"kind":"road","name":""},"geometry":{"type":"LineString","coordinates":[[113.3641579,23.0424833],[113.3641702,23.0424832],[113.364183,23.0424806],[113.3641954,23.0424815],[113.3642108,23.0424853],[113.3642602,23.042501],[113.3642798,23.0425085],[113.3644767,23.0425859],[113.3645008,23.0425956]]}},{"type":"Feature","properties":{"kind":"building","name":"广州大学图书馆 (总馆)"},"geometry":{"type":"Polygon","coordinates":[[[113.365138,23.0429414],[113.3651378,23.0427767],[113.3647341,23.0427769],[113.3647336,23.0429372],[113.3642617,23.0429395],[113.3641792,23.0429396],[113.3641672,23.043009],[113.364164,23.0430426],[113.3641632,23.0430775],[113.3641635,23.0431283],[113.3641688,23.0431823],[113.3641773,23.0432275],[113.3641894,23.0432745],[113.36421,23.0433333],[113.3642242,23.0433671],[113.3642464,23.0434091],[113.3642661,23.0434411],[113.3642956,23.0434911],[113.3643227,23.0435291],[113.3643626,23.0435757],[113.3643998,23.043609],[113.3644358,23.0436395],[113.3645511,23.0436392],[113.364551,23.0437129],[113.3646039,23.0437365],[113.3646616,23.0437598],[113.3647207,23.0437795],[113.3647801,23.0437931],[113.364839,23.0438021],[113.3649068,23.0438068],[113.3649566,23.0438082],[113.3650066,23.0438052],[113.3650545,23.0437992],[113.365113,23.0437893],[113.3651646,23.0437761],[113.365224,23.0437568],[113.3652742,23.043737],[113.365321,23.0437145],[113.3653213,23.0436386],[113.3654386,23.0436386],[113.3654786,23.0436038],[113.3655034,23.04358],[113.3655347,23.0435459],[113.3655728,23.0435009],[113.365599,23.0434622],[113.3656249,23.0434197],[113.3656511,23.0433655],[113.3656675,23.0433232],[113.3656773,23.0432951],[113.3656837,23.0432746],[113.3656891,23.0432532],[113.3656947,23.0432281],[113.3657046,23.0431786],[113.3657091,23.0431283],[113.36571,23.0430825],[113.3657079,23.0430394],[113.3657041,23.0429979],[113.3656941,23.0429509],[113.3656558,23.0429512],[113.3656558,23.0429364],[113.3656169,23.0429364],[113.3656169,23.0429508],[113.3652832,23.0429507],[113.3652462,23.0429507],[113.3651738,23.0429507],[113.3651737,23.0429417],[113.365138,23.0429414]]]}},{"type":"Feature","properties":{"kind":"road","name":""},"geometry":{"type":"LineString","coordinates":[[113.3633954,23.0434919],[113.3634136,23.0434728],[113.3634325,23.0434528],[113.3634485,23.0434345],[113.3634743,23.0434063]]}},{"type":"Feature","properties":{"kind":"road","name":""},"geometry":{"type":"LineString","coordinates":[[113.3645984,23.040221],[113.3646056,23.0402332]]}},{"type":"Feature","properties":{"kind":"road","name":""},"geometry":{"type":"LineString","coordinates":[[113.3644464,23.041703],[113.3646671,23.0417027],[113.3651979,23.0417018],[113.3654217,23.0417015]]}},{"type":"Feature","properties":{"kind":"road","name":""},"geometry":{"type":"LineString","coordinates":[[113.3643648,23.0417031],[113.3644036,23.0417031],[113.3644464,23.041703]]}},{"type":"Feature","properties":{"kind":"road","name":""},"geometry":{"type":"LineString","coordinates":[[113.3633769,23.0418224],[113.363351,23.0417989],[113.3633408,23.0417895],[113.3632172,23.0416756]]}},{"type":"Feature","properties":{"kind":"road","name":""},"geometry":{"type":"LineString","coordinates":[[113.365165,23.042485],[113.3651648,23.0423115],[113.3651646,23.0421331],[113.3651644,23.0419544],[113.3651642,23.0417952],[113.3651642,23.0417811],[113.3651643,23.0417497]]}},{"type":"Feature","properties":{"kind":"road","name":""},"geometry":{"type":"LineString","coordinates":[[113.3632115,23.0427751],[113.3632135,23.0421748],[113.3632171,23.0421308],[113.3632263,23.0420923],[113.3632397,23.0420521],[113.3632587,23.0420124],[113.3632823,23.0419732],[113.3633177,23.0419293],[113.3633565,23.0418935],[113.3634129,23.0418534],[113.3634705,23.0418276],[113.3635234,23.0418121],[113.3635812,23.0418011],[113.3636387,23.0417964],[113.3646806,23.0417956]]}},{"type":"Feature","properties":{"kind":"road","name":""},"geometry":{"type":"LineString","coordinates":[[113.3646806,23.0417956],[113.3647089,23.0417956],[113.3647372,23.0417956]]}},{"type":"Feature","properties":{"kind":"road","name":""},"geometry":{"type":"LineString","coordinates":[[113.3644606,23.040373],[113.3644932,23.0403789],[113.3646063,23.040379],[113.3646702,23.0403791],[113.3651932,23.0403797],[113.3652597,23.0403798],[113.3653731,23.0403799],[113.3654096,23.0403744]]}},{"type":"Feature","properties":{"kind":"road","name":""},"geometry":{"type":"LineString","coordinates":[[113.3643533,23.0403535],[113.3644008,23.0403621],[113.3644606,23.040373]]}},{"type":"Feature","properties":{"kind":"road","name":""},"geometry":{"type":"LineString","coordinates":[[113.3646064,23.0403637],[113.3646063,23.040379]]}},{"type":"Feature","properties":{"kind":"road","name":""},"geometry":{"type":"LineString","coordinates":[[113.3652596,23.0403643],[113.3652597,23.0403798]]}},{"type":"Feature","properties":{"kind":"road","name":""},"geometry":{"type":"LineString","coordinates":[[113.3654096,23.0403744],[113.3654643,23.0403661],[113.3655111,23.040359]]}},{"type":"Feature","properties":{"kind":"building","name":""},"geometry":{"type":"Polygon","coordinates":[[[113.3677009,23.041188],[113.3677009,23.0412101],[113.3678438,23.0412102],[113.3678438,23.0411881],[113.3677009,23.041188]]]}},{"type":"Feature","properties":{"kind":"building","name":""},"geometry":{"type":"Polygon","coordinates":[[[113.3677011,23.0412241],[113.3677011,23.0412598],[113.367844,23.0412599],[113.367844,23.0412242],[113.3677011,23.0412241]]]}},{"type":"Feature","properties":{"kind":"building","name":""},"geometry":{"type":"Polygon","coordinates":[[[113.3674558,23.0412234],[113.3674558,23.0412592],[113.3676055,23.0412592],[113.3676055,23.0412235],[113.3674558,23.0412234]]]}},{"type":"Feature","properties":{"kind":"building","name":""},"geometry":{"type":"Polygon","coordinates":[[[113.3674556,23.0411873],[113.3674556,23.0412095],[113.3676053,23.0412096],[113.3676053,23.0411874],[113.3674556,23.0411873]]]}},{"type":"Feature","properties":{"kind":"road","name":""},"geometry":{"type":"LineString","coordinates":[[113.3662878,23.0409644],[113.3662844,23.040912],[113.3662833,23.0401728],[113.3662832,23.0401167]]}},{"type":"Feature","properties":{"kind":"road","name":""},"geometry":{"type":"LineString","coordinates":[[113.3686567,23.0411125],[113.3672966,23.0411106],[113.3663694,23.0411093],[113.3663367,23.0410891],[113.3663253,23.0410811],[113.3663113,23.041069],[113.3663032,23.0410593],[113.3662979,23.0410493],[113.3662945,23.0410402],[113.3662928,23.0410314],[113.3662878,23.0409644]]}},{"type":"Feature","properties":{"kind":"road","name":""},"geometry":{"type":"LineString","coordinates":[[113.3666479,23.0424296],[113.3666739,23.0424108],[113.3667015,23.0423956],[113.3667259,23.0423819],[113.3667515,23.0423714],[113.3667769,23.0423637],[113.3668002,23.0423591],[113.3668255,23.0423568],[113.3668672,23.0423564],[113.3668763,23.0423563],[113.3668823,23.0423552],[113.3671633,23.0422001],[113.3671897,23.0421839],[113.3672032,23.0421753],[113.3672123,23.0421677],[113.3672259,23.0421544],[113.3672359,23.0421451],[113.367241,23.0421386],[113.367244,23.042134],[113.3672468,23.0421253],[113.3672515,23.0421108],[113.3672831,23.0420008],[113.3672933,23.0419634],[113.3672973,23.0419435],[113.3672985,23.0419247],[113.3672982,23.041744],[113.3672979,23.0416314],[113.3672975,23.0414096],[113.3672972,23.0412391]]}},{"type":"Feature","properties":{"kind":"building","name":""},"geometry":{"type":"Polygon","coordinates":[[[113.3656465,23.0412684],[113.3657636,23.0412683],[113.3658055,23.0409516],[113.365637,23.0409521],[113.3656377,23.0412222],[113.3656466,23.0412222],[113.3656465,23.0412684]]]}},{"type":"Feature","properties":{"kind":"building","name":"行政东楼"},"geometry":{"type":"Polygon","coordinates":[[[113.3661477,23.0416256],[113.3661402,23.0416256],[113.36606,23.0416255],[113.3660605,23.0416823],[113.3660563,23.0416823],[113.36561,23.0416821],[113.3656099,23.0415383],[113.3657279,23.0415383],[113.3657636,23.0412683],[113.3658055,23.0409516],[113.365637,23.0409521],[113.3656377,23.0412222],[113.3656466,23.0412222],[113.3656465,23.0412684],[113.3655468,23.0412681],[113.3655464,23.0412224],[113.3655493,23.0412224],[113.3655489,23.0409521],[113.3655483,23.0405249],[113.3655463,23.040525],[113.3655463,23.0404369],[113.3657918,23.0404368],[113.365832,23.0404368],[113.3658722,23.0404368],[113.3658799,23.0403813],[113.3660749,23.0403813],[113.3660752,23.0403963],[113.3661336,23.040396],[113.3661342,23.0407394],[113.3660167,23.0407395],[113.3660166,23.040682],[113.3660472,23.040682],[113.3660467,23.0405726],[113.365637,23.0405723],[113.3656374,23.0409209],[113.3657844,23.0409214],[113.3657835,23.0408102],[113.3658724,23.0408102],[113.3658731,23.0408691],[113.3661049,23.0408697],[113.3661061,23.0410051],[113.3659166,23.041005],[113.3658742,23.0410049],[113.3658747,23.0410827],[113.3658756,23.0412216],[113.3659465,23.0412217],[113.3660986,23.041222],[113.3661275,23.0412221],[113.3662067,23.0412223],[113.3662242,23.0412223],[113.3662255,23.0413971],[113.3662422,23.0414002],[113.3662582,23.0414037],[113.3662751,23.0414086],[113.3662889,23.0414152],[113.3663032,23.041424],[113.3663188,23.0414346],[113.3663398,23.0414494],[113.3663055,23.0414737],[113.3662981,23.0414789],[113.3663007,23.0414818],[113.3663031,23.0414801],[113.3663132,23.0414936],[113.3663206,23.0415071],[113.3663261,23.0415198],[113.36633,23.041534],[113.3663316,23.0415456],[113.3663314,23.0415567],[113.3663298,23.041568],[113.3663269,23.0415799],[113.3663234,23.0415879],[113.3663184,23.041598],[113.3663107,23.0416091],[113.3663049,23.0416154],[113.366295,23.0416237],[113.3662829,23.0416322],[113.3662691,23.0416387],[113.3662529,23.0416433],[113.3662381,23.041646],[113.3662202,23.0416464],[113.3661984,23.0416432],[113.3661792,23.0416386],[113.366162,23.041632],[113.3661477,23.0416256]]]}},{"type":"Feature","properties":{"kind":"road","name":""},"geometry":{"type":"LineString","coordinates":[[113.3668065,23.0425461],[113.3667821,23.0425646],[113.3667505,23.0425886]]}},{"type":"Feature","properties":{"kind":"road","name":""},"geometry":{"type":"LineString","coordinates":[[113.3667505,23.0425886],[113.3667403,23.0425978],[113.3666661,23.0426644],[113.3665918,23.0427385],[113.366543,23.0427908],[113.3664905,23.0428487],[113.3664351,23.0429133],[113.3663875,23.0429736],[113.3663408,23.0430351],[113.3662721,23.0431335],[113.366233,23.0431943],[113.3661424,23.0433529],[113.3660756,23.0434977],[113.3660269,23.0436188],[113.3659718,23.0437913],[113.3659363,23.0439156],[113.3659206,23.0439929],[113.3659106,23.0440587],[113.3658959,23.0441929],[113.3658855,23.0443211],[113.3658814,23.0444339],[113.3658843,23.0445547],[113.365891,23.0446609],[113.3659043,23.0447678],[113.3659241,23.0448813],[113.3659506,23.0450137],[113.3659838,23.045129],[113.3660181,23.0452329],[113.3660559,23.0453313],[113.3660903,23.0454159],[113.3661043,23.0454434],[113.3661647,23.0455565],[113.3662176,23.0456461],[113.3662657,23.0457289],[113.3663274,23.0458188],[113.3663749,23.0458832],[113.366412,23.0459345],[113.366468,23.0460019],[113.3665662,23.0461097],[113.3666452,23.0461925],[113.3667333,23.0462305]]}},{"type":"Feature","properties":{"kind":"road","name":""},"geometry":{"type":"LineString","coordinates":[[113.3667678,23.0426154],[113.3667621,23.0426205],[113.3666896,23.0426854],[113.3666472,23.0427277],[113.3666163,23.0427585],[113.3665681,23.0428103],[113.3665159,23.0428677],[113.3664612,23.0429316],[113.3664142,23.0429911],[113.3663681,23.0430519],[113.3663,23.0431493],[113.3662617,23.043209],[113.3661721,23.0433658],[113.3661061,23.0435088],[113.3660581,23.0436283],[113.3660034,23.0437994],[113.3659684,23.0439222],[113.365953,23.0439978],[113.3659432,23.0440623],[113.3659286,23.0441955],[113.3659182,23.0443228],[113.3659142,23.044434],[113.3659171,23.0445535],[113.3659237,23.0446583],[113.3659368,23.0447637],[113.3659565,23.0448762],[113.3659827,23.0450071],[113.3660153,23.0451207],[113.3660493,23.0452234],[113.3660868,23.045321],[113.3661206,23.0454042],[113.3661339,23.0454303],[113.3661938,23.0455426],[113.3662465,23.0456318],[113.3662941,23.0457137],[113.3663549,23.0458023],[113.3664022,23.0458664],[113.3664387,23.0459169],[113.3664936,23.0459831],[113.3665911,23.04609],[113.3667333,23.0462305]]}},{"type":"Feature","properties":{"kind":"road","name":""},"geometry":{"type":"LineString","coordinates":[[113.3668426,23.0425572],[113.3668133,23.0425277],[113.3667455,23.0424591]]}},{"type":"Feature","properties":{"kind":"road","name":""},"geometry":{"type":"LineString","coordinates":[[113.3669476,23.0427293],[113.3668995,23.0426814],[113.3668612,23.0426434],[113.366849,23.0426312],[113.3668044,23.0425869],[113.3667821,23.0425646],[113.3667749,23.0425575]]}},{"type":"Feature","properties":{"kind":"road","name":""},"geometry":{"type":"LineString","coordinates":[[113.3666945,23.0427704],[113.3666926,23.0427687],[113.3666472,23.0427277]]}},{"type":"Feature","properties":{"kind":"road","name":""},"geometry":{"type":"LineString","coordinates":[[113.3667678,23.0426154],[113.3668044,23.0425869],[113.3668331,23.0425646]]}},{"type":"Feature","properties":{"kind":"road","name":""},"geometry":{"type":"LineString","coordinates":[[113.3644848,23.0396403],[113.36445,23.0396244],[113.3609613,23.0393838],[113.3609242,23.0393995]]}},{"type":"Feature","properties":{"kind":"road","name":""},"geometry":{"type":"LineString","coordinates":[[113.3609242,23.0393995],[113.3609592,23.0394207],[113.3644461,23.0396616],[113.3644848,23.0396403]]}},{"type":"Feature","properties":{"kind":"road","name":""},"geometry":{"type":"LineString","coordinates":[[113.3644848,23.0396403],[113.3646359,23.0396493]]}},{"type":"Feature","properties":{"kind":"road","name":""},"geometry":{"type":"LineString","coordinates":[[113.365193,23.0403094],[113.3651932,23.0403642],[113.3651932,23.0403797],[113.3651955,23.0410269],[113.3651961,23.0411842],[113.3651979,23.0417018],[113.365198,23.0417192],[113.3651981,23.0417497]]}},{"type":"Feature","properties":{"kind":"road","name":""},"geometry":{"type":"LineString","coordinates":[[113.3646704,23.0403125],[113.3646703,23.0403638],[113.3646702,23.0403791],[113.3646687,23.041026],[113.3646683,23.0411824],[113.3646671,23.0417027],[113.364667,23.0417194],[113.364667,23.0417497]]}},{"type":"Feature","properties":{"kind":"road","name":""},"geometry":{"type":"LineString","coordinates":[[113.3674164,23.0417437],[113.367334,23.0417439],[113.3672982,23.041744]]}},{"type":"Feature","properties":{"kind":"road","name":""},"geometry":{"type":"LineString","coordinates":[[113.3674147,23.0414102],[113.3673316,23.0414099],[113.3672975,23.0414096]]}},{"type":"Feature","properties":{"kind":"road","name":""},"geometry":{"type":"LineString","coordinates":[[113.36704,23.0416309],[113.3672398,23.0416313]]}},{"type":"Feature","properties":{"kind":"road","name":""},"geometry":{"type":"LineString","coordinates":[[113.3672398,23.0416313],[113.3672979,23.0416314]]}},{"type":"Feature","properties":{"kind":"road","name":""},"geometry":{"type":"LineString","coordinates":[[113.3646683,23.0411824],[113.3647602,23.041182],[113.364781,23.0411814],[113.3648034,23.0411793],[113.3648282,23.0411758],[113.3648533,23.0411706],[113.3648781,23.041165],[113.3648991,23.0411598],[113.364932,23.0411523],[113.3649609,23.0411585],[113.3649896,23.0411661],[113.3650155,23.0411726],[113.3650451,23.041178],[113.3650748,23.0411812],[113.3650987,23.0411832],[113.3651214,23.0411844],[113.3651961,23.0411842]]}},{"type":"Feature","properties":{"kind":"road","name":""},"geometry":{"type":"LineString","coordinates":[[113.3646687,23.041026],[113.3647601,23.0410267],[113.3647808,23.0410277],[113.3648038,23.0410301],[113.3648293,23.0410344],[113.3648539,23.0410406],[113.3648841,23.0410498],[113.3649313,23.0410644],[113.3649776,23.0410516],[113.36501,23.0410423],[113.3650406,23.0410352],[113.3650734,23.0410312],[113.3651023,23.0410288],[113.3651213,23.0410279],[113.3651955,23.0410269]]}},{"type":"Feature","properties":{"kind":"road","name":""},"geometry":{"type":"LineString","coordinates":[[113.364973,23.0411349],[113.3649617,23.0411448],[113.3649475,23.0411508],[113.364932,23.0411523],[113.3649165,23.041149],[113.364903,23.0411413],[113.364893,23.0411298],[113.3648877,23.041116],[113.3648875,23.0411014],[113.3648926,23.0410875],[113.3649024,23.0410759],[113.3649158,23.0410679],[113.3649313,23.0410644],[113.3649468,23.0410657],[113.364961,23.0410715],[113.3649725,23.0410812],[113.36498,23.0410938],[113.3649826,23.041108],[113.3649802,23.0411222],[113.364973,23.0411349]]}},{"type":"Feature","properties":{"kind":"road","name":""},"geometry":{"type":"LineString","coordinates":[[113.3647093,23.0419541],[113.3647375,23.0419541],[113.365132,23.0419541],[113.3651644,23.0419544]]}},{"type":"Feature","properties":{"kind":"road","name":""},"geometry":{"type":"LineString","coordinates":[[113.3647097,23.0421323],[113.3647376,23.0421326],[113.3651321,23.0421332],[113.3651646,23.0421331]]}},{"type":"Feature","properties":{"kind":"road","name":""},"geometry":{"type":"LineString","coordinates":[[113.3647102,23.042312],[113.3647378,23.0423117],[113.3651323,23.0423117],[113.3651648,23.0423115]]}},{"type":"Feature","properties":{"kind":"road","name":""},"geometry":{"type":"LineString","coordinates":[[113.3639251,23.0433347],[113.3635343,23.0433894],[113.3635122,23.0433925],[113.3634969,23.0433812],[113.3634914,23.0433772],[113.3634693,23.0433652],[113.3634491,23.0433601],[113.3634266,23.0433581],[113.3634054,23.0433598],[113.3633545,23.0433665],[113.3632591,23.0433789],[113.3632488,23.0433167],[113.3631448,23.0433308],[113.3631397,23.0433036]]}},{"type":"Feature","properties":{"kind":"road","name":""},"geometry":{"type":"LineString","coordinates":[[113.364035,23.0432798],[113.3639197,23.043298],[113.3639251,23.0433347],[113.3639324,23.0433724],[113.3640485,23.0433536]]}},{"type":"Feature","properties":{"kind":"road","name":""},"geometry":{"type":"LineString","coordinates":[[113.3634743,23.0434063],[113.3634969,23.0433812]]}},{"type":"Feature","properties":{"kind":"road","name":""},"geometry":{"type":"LineString","coordinates":[[113.3633639,23.0434001],[113.3633545,23.0433665]]}},{"type":"Feature","properties":{"kind":"road","name":""},"geometry":{"type":"LineString","coordinates":[[113.363554,23.0434741],[113.3635343,23.0433894]]}},{"type":"Feature","properties":{"kind":"road","name":""},"geometry":{"type":"LineString","coordinates":[[113.3621856,23.0424912],[113.3622157,23.042491],[113.3625301,23.0424903],[113.3631165,23.0424891]]}},{"type":"Feature","properties":{"kind":"road","name":""},"geometry":{"type":"LineString","coordinates":[[113.365832,23.0404368],[113.3658427,23.0402968]]}},{"type":"Feature","properties":{"kind":"road","name":""},"geometry":{"type":"LineString","coordinates":[[113.3672972,23.0412391],[113.3672966,23.0411106]]}},{"type":"Feature","properties":{"kind":"road","name":""},"geometry":{"type":"LineString","coordinates":[[113.3693144,23.0418317],[113.3692611,23.0418371],[113.3692255,23.0418407]]}},{"type":"Feature","properties":{"kind":"road","name":""},"geometry":{"type":"LineString","coordinates":[[113.3727027,23.0414915],[113.369347,23.0418284],[113.3693144,23.0418317]]}},{"type":"Feature","properties":{"kind":"building","name":""},"geometry":{"type":"Polygon","coordinates":[[[113.3707644,23.0417331],[113.3706871,23.0417393],[113.370686,23.0417281],[113.3707633,23.0417218],[113.3707644,23.0417331]]]}},{"type":"Feature","properties":{"kind":"building","name":""},"geometry":{"type":"Polygon","coordinates":[[[113.3708422,23.0417282],[113.3707845,23.0417338],[113.3707831,23.0417216],[113.3708408,23.041716],[113.3708422,23.0417282]]]}},{"type":"Feature","properties":{"kind":"road","name":""},"geometry":{"type":"LineString","coordinates":[[113.3693201,23.0418608],[113.3692615,23.0418667],[113.369218,23.0418711]]}},{"type":"Feature","properties":{"kind":"road","name":""},"geometry":{"type":"LineString","coordinates":[[113.3727026,23.0415191],[113.369796,23.0418127],[113.3693504,23.0418577],[113.3693201,23.0418608]]}},{"type":"Feature","properties":{"kind":"road","name":""},"geometry":{"type":"LineString","coordinates":[[113.369261,23.0418272],[113.3692608,23.0417771],[113.3692592,23.0413067],[113.3692581,23.0412902],[113.3692567,23.0412804],[113.3692544,23.0412707],[113.3692513,23.0412612],[113.3692459,23.0412501],[113.3692401,23.0412388],[113.3692335,23.041229],[113.3692269,23.0412208],[113.3692191,23.0412123],[113.3692122,23.041206],[113.3691989,23.0411959],[113.3691879,23.0411889],[113.3691762,23.0411829],[113.3691642,23.0411783],[113.3691521,23.0411752],[113.3691376,23.0411721],[113.3691256,23.0411704],[113.3691142,23.0411696],[113.3687895,23.0411698],[113.3687724,23.0411691],[113.3687585,23.041167],[113.3687451,23.0411641],[113.3687346,23.0411609],[113.3687215,23.0411568],[113.3687097,23.0411515],[113.3686954,23.0411438],[113.3686815,23.0411347],[113.3686717,23.0411272],[113.3686626,23.0411189],[113.3686567,23.0411125],[113.3686507,23.041106],[113.3686434,23.0410967],[113.3686358,23.0410857],[113.3686296,23.0410756],[113.3686246,23.041065],[113.3686209,23.0410555],[113.3686174,23.041044],[113.3686147,23.0410302],[113.3686126,23.0410177],[113.3686118,23.0410067],[113.368611,23.0400145]]}},{"type":"Feature","properties":{"kind":"road","name":""},"geometry":{"type":"LineString","coordinates":[[113.3692175,23.0414393],[113.3692174,23.0414086],[113.3692171,23.0413091],[113.3692161,23.0412915],[113.3692124,23.0412776],[113.3692077,23.0412659],[113.369201,23.0412538],[113.3691923,23.041243],[113.3691816,23.0412319],[113.3691698,23.0412233],[113.3691554,23.0412165],[113.3691397,23.0412106],[113.3691219,23.0412091],[113.3687876,23.0412085]]}},{"type":"Feature","properties":{"kind":"road","name":""},"geometry":{"type":"LineString","coordinates":[[113.3692174,23.0414086],[113.3689908,23.0414093]]}},{"type":"Feature","properties":{"kind":"road","name":""},"geometry":{"type":"LineString","coordinates":[[113.369218,23.0418711],[113.3684759,23.0419438],[113.3683252,23.0419607],[113.3681958,23.0419775],[113.3680752,23.0419941],[113.367969,23.0420178],[113.3678741,23.042042],[113.3678026,23.0420647],[113.3677312,23.0420882],[113.3675938,23.0421353],[113.3675321,23.0421569],[113.3674785,23.0421779],[113.3674188,23.0422052],[113.3673596,23.0422326],[113.3673052,23.042259],[113.3672498,23.042287],[113.3671958,23.0423174],[113.3671255,23.042359],[113.367047,23.0424104],[113.3670126,23.0424334],[113.3669749,23.0424586],[113.3668954,23.0425172],[113.3668426,23.0425572],[113.3668331,23.0425646]]}},{"type":"Feature","properties":{"kind":"road","name":""},"geometry":{"type":"LineString","coordinates":[[113.3692255,23.0418407],[113.3684722,23.0419143],[113.368321,23.0419312],[113.3681911,23.041948],[113.368069,23.0419648],[113.3679609,23.041989],[113.3678645,23.0420136],[113.3677919,23.0420366],[113.3677201,23.0420602],[113.3675825,23.0421075],[113.36752,23.0421293],[113.367465,23.0421508],[113.3674043,23.0421786],[113.3673448,23.0422061],[113.3672899,23.0422328],[113.3672336,23.0422612],[113.3671786,23.0422921],[113.3671074,23.0423344],[113.3670282,23.0423863],[113.3669553,23.042435],[113.3668751,23.0424941],[113.3668348,23.0425244],[113.3668065,23.0425461]]}},{"type":"Feature","properties":{"kind":"building","name":""},"geometry":{"type":"Polygon","coordinates":[[[113.372627,23.0414471],[113.372666,23.0414337],[113.372648,23.0413897],[113.3726091,23.0414032],[113.372627,23.0414471]]]}},{"type":"Feature","properties":{"kind":"building","name":""},"geometry":{"type":"Polygon","coordinates":[[[113.3673554,23.0420584],[113.3673612,23.0420245],[113.3673229,23.042019],[113.3673171,23.0420528],[113.3673554,23.0420584]]]}},{"type":"Feature","properties":{"kind":"road","name":""},"geometry":{"type":"LineString","coordinates":[[113.368826,23.0478513],[113.3687221,23.0477655],[113.3687006,23.0477514],[113.3686527,23.047728],[113.3685954,23.0477002],[113.3685746,23.0476854],[113.3682869,23.047449],[113.3681793,23.0473369],[113.3680829,23.0472366],[113.3678887,23.0470791],[113.3677336,23.0470105],[113.3673997,23.0467351],[113.3673339,23.0466644],[113.3672842,23.0466111],[113.3671782,23.0465206],[113.3671194,23.0464728],[113.3670529,23.046412],[113.3669872,23.0463519],[113.3668977,23.0462669],[113.366715,23.0460934],[113.3666253,23.0460044],[113.3665175,23.0458782],[113.3664042,23.0457299],[113.3663244,23.0456019],[113.366249,23.0454676],[113.3661858,23.045336],[113.3661285,23.0451893],[113.3661047,23.0451185],[113.3660832,23.0450442],[113.3660575,23.0449397],[113.3660422,23.0448693],[113.3660277,23.0447925],[113.366017,23.0447127],[113.3660096,23.044645],[113.3660018,23.0445417],[113.3659995,23.0444597],[113.3660013,23.0443674],[113.3660079,23.0442699],[113.3660179,23.0441767],[113.3660311,23.0440896],[113.3660445,23.0440141],[113.3660641,23.0439171],[113.3660908,23.0438158],[113.3661138,23.0437364],[113.3661484,23.0436376],[113.3661632,23.0435999],[113.3661764,23.0435579],[113.3662131,23.043406],[113.3662226,23.0433786],[113.3663736,23.04313],[113.3663844,23.0431151],[113.3663975,23.0431013],[113.3664116,23.0430876],[113.3665267,23.042979],[113.3665657,23.0429364],[113.3666304,23.0428623],[113.3666757,23.0428142],[113.3667081,23.0427829],[113.3667478,23.0427446],[113.3668149,23.0426836],[113.3668612,23.0426434],[113.366896,23.0426132],[113.3669657,23.0425583],[113.3670482,23.0425003],[113.3670581,23.0424938],[113.3671207,23.0424531],[113.3671777,23.0424179],[113.367249,23.0423768],[113.3673226,23.0423385],[113.3673885,23.0423054],[113.3674702,23.0422661],[113.3675268,23.042241],[113.3675772,23.0422228],[113.3676993,23.042178],[113.3677939,23.042146],[113.3678765,23.0421214],[113.3679901,23.0420924],[113.3680914,23.0420697],[113.3682062,23.0420528],[113.3683326,23.0420356],[113.3684897,23.0420171],[113.3691448,23.0419518],[113.3692624,23.0419399],[113.3693194,23.0419341],[113.3693588,23.0419301],[113.3698,23.0418854],[113.3703957,23.0418251],[113.3704177,23.0418205],[113.3704395,23.0418147],[113.3705026,23.0417912],[113.3705187,23.0417857],[113.3705406,23.0417819],[113.3710572,23.041733],[113.3711148,23.0417277],[113.3711541,23.0417273],[113.3713024,23.041733],[113.3713423,23.0417324],[113.3713706,23.0417303],[113.3728217,23.0415835],[113.3731531,23.04155],[113.3733688,23.0414972],[113.3739445,23.0414445]]}},{"type":"Feature","properties":{"kind":"road","name":""},"geometry":{"type":"LineString","coordinates":[[113.3671158,23.0425668],[113.3670909,23.0425353],[113.3670581,23.0424938],[113.3670497,23.0424832]]}},{"type":"Feature","properties":{"kind":"road","name":""},"geometry":{"type":"LineString","coordinates":[[113.3670497,23.0424832],[113.3670126,23.0424334]]}},{"type":"Feature","properties":{"kind":"road","name":""},"geometry":{"type":"LineString","coordinates":[[113.3671504,23.0426112],[113.3671158,23.0425668]]}},{"type":"Feature","properties":{"kind":"road","name":""},"geometry":{"type":"LineString","coordinates":[[113.3693703,23.0420372],[113.3693642,23.0419809],[113.3693588,23.0419301],[113.3693568,23.0419111]]}},{"type":"Feature","properties":{"kind":"road","name":""},"geometry":{"type":"LineString","coordinates":[[113.3693757,23.0420822],[113.3693703,23.0420372]]}},{"type":"Feature","properties":{"kind":"road","name":""},"geometry":{"type":"LineString","coordinates":[[113.3693568,23.0419111],[113.3693504,23.0418577]]}},{"type":"Feature","properties":{"kind":"road","name":""},"geometry":{"type":"LineString","coordinates":[[113.3693504,23.0418577],[113.3693479,23.0418368],[113.369347,23.0418284]]}},{"type":"Feature","properties":{"kind":"road","name":""},"geometry":{"type":"LineString","coordinates":[[113.3692631,23.0419909],[113.3692624,23.0419399],[113.3692615,23.0418667],[113.3692611,23.0418371],[113.369261,23.0418272]]}},{"type":"Feature","properties":{"kind":"road","name":""},"geometry":{"type":"LineString","coordinates":[[113.3698,23.0418854],[113.3697992,23.0418701],[113.369796,23.0418127]]}},{"type":"Feature","properties":{"kind":"building","name":""},"geometry":{"type":"Polygon","coordinates":[[[113.3723428,23.0411837],[113.3724032,23.0411773],[113.3724022,23.0411685],[113.3723417,23.0411749],[113.3723428,23.0411837]]]}},{"type":"Feature","properties":{"kind":"building","name":""},"geometry":{"type":"Polygon","coordinates":[[[113.3722598,23.0412133],[113.3722594,23.0412097],[113.3723081,23.0412045],[113.3723086,23.0412081],[113.3722598,23.0412133]]]}},{"type":"Feature","properties":{"kind":"building","name":""},"geometry":{"type":"Polygon","coordinates":[[[113.3719292,23.0414171],[113.3718975,23.0414203],[113.3718986,23.0414291],[113.3719303,23.0414259],[113.3719292,23.0414171]]]}},{"type":"Feature","properties":{"kind":"building","name":""},"geometry":{"type":"Polygon","coordinates":[[[113.3720601,23.0414035],[113.3720612,23.0414126],[113.3720805,23.0414106],[113.3720928,23.0414093],[113.3720917,23.0414003],[113.3720601,23.0414035]]]}},{"type":"Feature","properties":{"kind":"building","name":""},"geometry":{"type":"Polygon","coordinates":[[[113.3715396,23.0412669],[113.3715883,23.0412619],[113.3715878,23.041258],[113.3715392,23.0412631],[113.3715396,23.0412669]]]}},{"type":"Feature","properties":{"kind":"building","name":""},"geometry":{"type":"Polygon","coordinates":[[[113.3719191,23.0413346],[113.3719283,23.0413336],[113.3719271,23.0413234],[113.3719251,23.0413074],[113.3719247,23.0413046],[113.3719155,23.0413056],[113.3719191,23.0413346]]]}},{"type":"Feature","properties":{"kind":"building","name":"教师宿舍A5栋"},"geometry":{"type":"Polygon","coordinates":[[[113.3715313,23.0411981],[113.3715392,23.0412631],[113.3715396,23.0412669],[113.3715883,23.0412619],[113.3715917,23.0412615],[113.371621,23.0412585],[113.3716236,23.0412791],[113.3717103,23.0412701],[113.3719083,23.0412497],[113.3719292,23.0414171],[113.3718975,23.0414203],[113.3716887,23.0414418],[113.3715569,23.0414553],[113.3714842,23.0414628],[113.3714786,23.0414633],[113.3714473,23.0412065],[113.3715313,23.0411981]]]}},{"type":"Feature","properties":{"kind":"building","name":""},"geometry":{"type":"Polygon","coordinates":[[[113.3722994,23.0406716],[113.3722987,23.0406658],[113.372301,23.0406656],[113.3722935,23.0406027],[113.3722913,23.040603],[113.3722906,23.040597],[113.3722968,23.0405964],[113.3722972,23.0406],[113.3723726,23.0405924],[113.3723721,23.0405888],[113.3723788,23.0405881],[113.3723792,23.0405919],[113.3724262,23.0405872],[113.3724257,23.0405836],[113.3724312,23.040583],[113.3724319,23.0405888],[113.3724357,23.0406203],[113.3724394,23.0406518],[113.3724401,23.0406575],[113.3724347,23.040658],[113.3724343,23.0406545],[113.3723872,23.0406593],[113.3723876,23.0406627],[113.3723812,23.0406633],[113.3723808,23.0406598],[113.3723053,23.0406675],[113.3723057,23.0406709],[113.3722994,23.0406716]]]}},{"type":"Feature","properties":{"kind":"building","name":"教师宿舍A6栋"},"geometry":{"type":"Polygon","coordinates":[[[113.3725104,23.0413568],[113.3725058,23.0413573],[113.3724328,23.0413649],[113.3721689,23.0413923],[113.3720917,23.0414003],[113.3720601,23.0414035],[113.3720514,23.0414044],[113.3720468,23.0413682],[113.3720557,23.0413673],[113.3720394,23.0412364],[113.3720849,23.0412316],[113.3722433,23.041215],[113.3722598,23.0412133],[113.3723086,23.0412081],[113.3723243,23.0412065],[113.3723218,23.0411859],[113.372325,23.0411855],[113.3723428,23.0411837],[113.3724032,23.0411773],[113.3724022,23.0411685],[113.3723949,23.0411085],[113.3724785,23.0410998],[113.3724796,23.0411087],[113.3725104,23.0413568]]]}},{"type":"Feature","properties":{"kind":"green","name":""},"geometry":{"type":"Polygon","coordinates":[[[113.3734442,23.0413709],[113.3735912,23.0413564],[113.3735617,23.0411022],[113.3734147,23.0411167],[113.3734442,23.0413709]]]}},{"type":"Feature","properties":{"kind":"green","name":""},"geometry":{"type":"Polygon","coordinates":[[[113.3732591,23.0413894],[113.3734061,23.041375],[113.3733766,23.0411207],[113.3732296,23.0411352],[113.3732591,23.0413894]]]}},{"type":"Feature","properties":{"kind":"green","name":""},"geometry":{"type":"Polygon","coordinates":[[[113.3730757,23.0414092],[113.3732227,23.0413947],[113.3731932,23.0411405],[113.3730462,23.0411549],[113.3730757,23.0414092]]]}},{"type":"Feature","properties":{"kind":"green","name":""},"geometry":{"type":"Polygon","coordinates":[[[113.3728907,23.0414269],[113.3730378,23.0414125],[113.3730083,23.0411582],[113.3728612,23.0411727],[113.3728907,23.0414269]]]}},{"type":"Feature","properties":{"kind":"building","name":""},"geometry":{"type":"Polygon","coordinates":[[[113.3719948,23.0411195],[113.3719479,23.0410942],[113.3719445,23.0410915],[113.3719425,23.0410891],[113.371941,23.0410861],[113.3719401,23.0410835],[113.37194,23.0410809],[113.3719403,23.0410782],[113.3719414,23.0410753],[113.3719429,23.0410729],[113.3719559,23.0410532],[113.3719582,23.0410507],[113.3719613,23.0410482],[113.3719662,23.041046],[113.3719711,23.041045],[113.3719966,23.0410434],[113.3720003,23.041044],[113.3720035,23.0410452],[113.3720061,23.0410466],[113.3720082,23.0410485],[113.3720098,23.0410508],[113.3720109,23.0410529],[113.3720116,23.0410556],[113.372018,23.0411059],[113.3720178,23.0411101],[113.3720167,23.0411138],[113.3720147,23.0411163],[113.3720121,23.0411186],[113.3720089,23.0411202],[113.3720055,23.0411213],[113.3720029,23.0411215],[113.3719997,23.0411212],[113.3719971,23.0411205],[113.3719948,23.0411195]]]}},{"type":"Feature","properties":{"kind":"building","name":""},"geometry":{"type":"Polygon","coordinates":[[[113.3718227,23.0409755],[113.3717758,23.040951],[113.3717698,23.0409607],[113.3717846,23.0409684],[113.3718167,23.0409852],[113.3718227,23.0409755]]]}},{"type":"Feature","properties":{"kind":"road","name":""},"geometry":{"type":"LineString","coordinates":[[113.3724357,23.0406203],[113.3725546,23.0406118]]}},{"type":"Feature","properties":{"kind":"building","name":""},"geometry":{"type":"Polygon","coordinates":[[[113.3716686,23.0407655],[113.3716883,23.0407334],[113.3716764,23.0407273],[113.3716568,23.0407594],[113.3716686,23.0407655]]]}},{"type":"Feature","properties":{"kind":"building","name":"教师宿舍A1栋"},"geometry":{"type":"Polygon","coordinates":[[[113.3715333,23.0408738],[113.3715552,23.0408736],[113.3715712,23.0408734],[113.3715923,23.0408731],[113.3715923,23.040885],[113.371629,23.0408846],[113.3716289,23.0408728],[113.3716483,23.0408726],[113.3717173,23.0409088],[113.3717265,23.0408929],[113.3717378,23.0408989],[113.3717227,23.0409234],[113.3717401,23.0409324],[113.3717335,23.0409425],[113.3717561,23.0409541],[113.3717654,23.0409589],[113.3717719,23.040949],[113.3717758,23.040951],[113.3718227,23.0409755],[113.3718745,23.0408911],[113.3718476,23.0408766],[113.371854,23.0408666],[113.3718218,23.0408498],[113.3718156,23.0408602],[113.3717636,23.0408329],[113.3717714,23.0408201],[113.3717857,23.0408277],[113.3718235,23.0407657],[113.3717957,23.0407509],[113.3718016,23.0407412],[113.3717405,23.0407089],[113.3717343,23.0407189],[113.3717061,23.0407043],[113.3716883,23.0407334],[113.3716686,23.0407655],[113.3716682,23.0407662],[113.3716852,23.0407748],[113.3716677,23.0408033],[113.3716478,23.0408034],[113.3716477,23.0407743],[113.3716009,23.0407748],[113.3716006,23.040764],[113.371564,23.0407644],[113.3715644,23.0407753],[113.3715551,23.0407754],[113.3715329,23.0407757],[113.3715331,23.040842],[113.3715333,23.0408738]]]}},{"type":"Feature","properties":{"kind":"building","name":""},"geometry":{"type":"Polygon","coordinates":[[[113.3724064,23.0408028],[113.3724198,23.0408028],[113.3724196,23.040765],[113.372406,23.0407651],[113.3724064,23.0408028]]]}},{"type":"Feature","properties":{"kind":"building","name":"教师宿舍A2栋"},"geometry":{"type":"Polygon","coordinates":[[[113.3724066,23.040833],[113.3723476,23.040833],[113.3723477,23.0408449],[113.372311,23.0408449],[113.372311,23.0408331],[113.3722916,23.0408331],[113.3722231,23.04087],[113.3722136,23.0408542],[113.3722024,23.0408604],[113.3722178,23.0408847],[113.3722006,23.0408939],[113.3722073,23.040904],[113.3722024,23.0409065],[113.3721757,23.0409206],[113.372169,23.0409108],[113.3721186,23.0409379],[113.3720656,23.0408541],[113.3720923,23.0408392],[113.3720858,23.0408294],[113.3721178,23.0408122],[113.3721241,23.0408225],[113.3721757,23.0407947],[113.3721678,23.0407819],[113.3721536,23.0407897],[113.3721327,23.0407564],[113.3721245,23.0407433],[113.372115,23.0407281],[113.3721426,23.040713],[113.3721366,23.0407034],[113.3721972,23.0406704],[113.3722036,23.0406804],[113.3722316,23.0406654],[113.3722703,23.0407269],[113.3722534,23.0407357],[113.3722713,23.040764],[113.3722912,23.0407639],[113.3722911,23.0407357],[113.3723379,23.0407357],[113.3723379,23.0407239],[113.3723745,23.0407239],[113.3723744,23.0407358],[113.3724059,23.0407359],[113.3724059,23.0407389],[113.3724064,23.0408028],[113.3724064,23.0408038],[113.3724066,23.040833]]]}},{"type":"Feature","properties":{"kind":"building","name":""},"geometry":{"type":"Polygon","coordinates":[[[113.3718806,23.0404237],[113.3718782,23.0404274],[113.371875,23.0404298],[113.371871,23.0404315],[113.3718672,23.0404322],[113.3718633,23.0404316],[113.3718597,23.0404301],[113.3718125,23.0404045],[113.371808,23.0404009],[113.3718056,23.0403974],[113.3718046,23.0403938],[113.3718045,23.0403907],[113.3718054,23.0403877],[113.3718209,23.0403626],[113.371823,23.0403599],[113.3718254,23.040358],[113.3718283,23.0403568],[113.3718323,23.0403564],[113.3718612,23.0403545],[113.3718647,23.0403549],[113.3718679,23.0403562],[113.3718702,23.0403579],[113.3718727,23.0403606],[113.3718737,23.040363],[113.3718747,23.0403657],[113.371881,23.0404149],[113.3718812,23.0404196],[113.3718806,23.0404237]]]}},{"type":"Feature","properties":{"kind":"building","name":""},"geometry":{"type":"Polygon","coordinates":[[[113.3706494,23.0398487],[113.3706763,23.0398403],[113.3706724,23.0398298],[113.3706486,23.0398372],[113.3706455,23.0398382],[113.3706494,23.0398487]]]}},{"type":"Feature","properties":{"kind":"building","name":""},"geometry":{"type":"Polygon","coordinates":[[[113.3706336,23.0398536],[113.3706496,23.0398969],[113.3707062,23.0398792],[113.3706902,23.0398359],[113.3706763,23.0398403],[113.3706494,23.0398487],[113.3706336,23.0398536]]]}},{"type":"Feature","properties":{"kind":"building","name":""},"geometry":{"type":"Polygon","coordinates":[[[113.3721079,23.0399015],[113.3721126,23.0399674],[113.372165,23.0399642],[113.3721615,23.0399145],[113.3721603,23.0398983],[113.3721079,23.0399015]]]}},{"type":"Feature","properties":{"kind":"building","name":""},"geometry":{"type":"Polygon","coordinates":[[[113.3720187,23.0398195],[113.3720372,23.0398296],[113.3720423,23.0398218],[113.3720404,23.0398207],[113.3720237,23.0398116],[113.3720187,23.0398195]]]}},{"type":"Feature","properties":{"kind":"building","name":""},"geometry":{"type":"Polygon","coordinates":[[[113.3719625,23.0398431],[113.3720473,23.0398894],[113.3720732,23.0398492],[113.3720372,23.0398296],[113.3720187,23.0398195],[113.3719884,23.039803],[113.3719625,23.0398431]]]}},{"type":"Feature","properties":{"kind":"building","name":""},"geometry":{"type":"Polygon","coordinates":[[[113.3709666,23.0399896],[113.3709758,23.0399887],[113.3710963,23.0399769],[113.3710993,23.0400034],[113.3711076,23.0400026],[113.3711179,23.0400914],[113.371103,23.0400928],[113.3709493,23.0401078],[113.3709454,23.0400735],[113.3709095,23.040077],[113.3709048,23.0400364],[113.3708774,23.0400391],[113.3708752,23.0400009],[113.3708743,23.0399811],[113.3708749,23.0399674],[113.3708764,23.0399562],[113.3708788,23.0399414],[113.3708836,23.0399227],[113.3708894,23.0399066],[113.3708963,23.0398921],[113.370905,23.0398772],[113.3709138,23.0398631],[113.3709246,23.0398496],[113.3709367,23.0398374],[113.3709507,23.0398245],[113.3709654,23.0398136],[113.3709827,23.0398022],[113.3709947,23.0397959],[113.3710149,23.0397868],[113.3710351,23.0397798],[113.3710376,23.0397883],[113.3710527,23.0397844],[113.3710663,23.0397818],[113.3710795,23.03978],[113.3710834,23.0397795],[113.3710907,23.0398561],[113.3710745,23.0398582],[113.3710616,23.0398614],[113.3710494,23.0398653],[113.3710432,23.0398681],[113.371037,23.0398708],[113.3710267,23.0398766],[113.3710171,23.0398831],[113.3710075,23.0398912],[113.3709995,23.039899],[113.3709913,23.0399088],[113.3709834,23.0399204],[113.3709786,23.039929],[113.370974,23.0399394],[113.3709699,23.0399528],[113.3709677,23.0399629],[113.3709666,23.0399735],[113.3709664,23.0399838],[113.3709666,23.0399896]]]}},{"type":"Feature","properties":{"kind":"building","name":""},"geometry":{"type":"Polygon","coordinates":[[[113.3723708,23.0403175],[113.3723827,23.0403174],[113.3723826,23.0403165],[113.3723824,23.040289],[113.3723705,23.0402891],[113.3723708,23.0403175]]]}},{"type":"Feature","properties":{"kind":"building","name":""},"geometry":{"type":"Polygon","coordinates":[[[113.371688,23.0404949],[113.3716987,23.0405008],[113.3717049,23.0404913],[113.3717134,23.0404782],[113.3717195,23.040469],[113.3717087,23.0404631],[113.371688,23.0404949]]]}},{"type":"Feature","properties":{"kind":"building","name":""},"geometry":{"type":"Polygon","coordinates":[[[113.3715722,23.0404687],[113.3715436,23.0404532],[113.3715379,23.040462],[113.3715412,23.0404638],[113.3715428,23.0404647],[113.3715644,23.0404764],[113.3715665,23.0404775],[113.3715722,23.0404687]]]}},{"type":"Feature","properties":{"kind":"building","name":""},"geometry":{"type":"Polygon","coordinates":[[[113.3713506,23.0404157],[113.3713509,23.0403876],[113.3713398,23.0403875],[113.3713395,23.040413],[113.3713395,23.0404156],[113.3713506,23.0404157]]]}},{"type":"Feature","properties":{"kind":"building","name":"教师宿舍A3栋"},"geometry":{"type":"Polygon","coordinates":[[[113.3713504,23.0404373],[113.371414,23.0404373],[113.3714138,23.0404527],[113.3715074,23.0404529],[113.3715432,23.0404529],[113.3715436,23.0404532],[113.3715722,23.0404687],[113.3716708,23.0405221],[113.371688,23.0404949],[113.3717087,23.0404631],[113.3717203,23.0404436],[113.3716831,23.0404234],[113.3716856,23.040419],[113.3716216,23.0403847],[113.3716034,23.040413],[113.3715692,23.0403943],[113.3715692,23.0403684],[113.3716002,23.0403684],[113.3716004,23.0403467],[113.3716227,23.0403468],[113.371623,23.040327],[113.3716474,23.0403269],[113.3716474,23.0403114],[113.3716474,23.0403019],[113.3716474,23.0402769],[113.3716087,23.0402767],[113.3716087,23.0402665],[113.3714794,23.0402656],[113.3714794,23.0402764],[113.3714406,23.0402766],[113.37144,23.0403262],[113.3714643,23.0403265],[113.3714644,23.040346],[113.3714867,23.0403461],[113.3714866,23.0403655],[113.3714365,23.0403658],[113.3714365,23.0403546],[113.3714107,23.0403547],[113.3714107,23.0403654],[113.3713511,23.0403654],[113.371351,23.0403816],[113.3713509,23.0403876],[113.3713506,23.0404157],[113.3713504,23.0404373]]]}},{"type":"Feature","properties":{"kind":"building","name":"教师宿舍A4栋"},"geometry":{"type":"Polygon","coordinates":[[[113.3723708,23.0403175],[113.3723711,23.0403392],[113.3723075,23.0403392],[113.3723077,23.0403547],[113.3722315,23.0403548],[113.3721783,23.0403549],[113.3721424,23.0403746],[113.3720507,23.040424],[113.3720013,23.0403456],[113.3720384,23.0403254],[113.3720359,23.040321],[113.3720495,23.0403137],[113.3720999,23.0402866],[113.3721181,23.040315],[113.3721524,23.0402963],[113.3721523,23.0402703],[113.3721214,23.0402703],[113.3721211,23.0402486],[113.3720988,23.0402487],[113.3720986,23.040229],[113.3720742,23.0402289],[113.3720741,23.0402149],[113.3720741,23.0402036],[113.3720741,23.0401788],[113.3721128,23.0401787],[113.3721128,23.0401684],[113.3722421,23.0401676],[113.3722421,23.0401784],[113.3722809,23.0401785],[113.3722815,23.0402281],[113.3722572,23.0402284],[113.3722571,23.040248],[113.3722232,23.0402482],[113.3722233,23.0402676],[113.372285,23.0402678],[113.372285,23.0402566],[113.3723108,23.0402567],[113.3723109,23.0402673],[113.3723704,23.0402673],[113.3723705,23.0402891],[113.3723708,23.0403175]]]}},{"type":"Feature","properties":{"kind":"building","name":""},"geometry":{"type":"Polygon","coordinates":[[[113.3714985,23.0407289],[113.3714932,23.0406864],[113.3714929,23.040684],[113.3715064,23.0406825],[113.371506,23.040679],[113.3715124,23.0406784],[113.3715128,23.0406818],[113.3715877,23.0406739],[113.3715873,23.0406706],[113.3715944,23.0406699],[113.3715948,23.0406734],[113.3716193,23.0406708],[113.3716251,23.0407179],[113.3716005,23.0407205],[113.3716009,23.0407243],[113.3715946,23.0407249],[113.3715941,23.0407211],[113.3715187,23.040729],[113.3715191,23.0407327],[113.3715129,23.0407333],[113.3715125,23.0407298],[113.3714988,23.0407312],[113.3714985,23.0407289]]]}},{"type":"Feature","properties":{"kind":"building","name":""},"geometry":{"type":"Polygon","coordinates":[[[113.3703587,23.0408693],[113.3703588,23.0409074],[113.3703733,23.0409073],[113.3703734,23.0409236],[113.3704098,23.0409237],[113.3704098,23.0409074],[113.3704493,23.0409074],[113.3704492,23.0408692],[113.3703587,23.0408693]]]}},{"type":"Feature","properties":{"kind":"building","name":""},"geometry":{"type":"Polygon","coordinates":[[[113.3696632,23.0408676],[113.3696639,23.0409506],[113.3697078,23.0409503],[113.3697071,23.0408673],[113.3696632,23.0408676]]]}},{"type":"Feature","properties":{"kind":"road","name":""},"geometry":{"type":"LineString","coordinates":[[113.3714017,23.0415373],[113.3713128,23.0413937]]}},{"type":"Feature","properties":{"kind":"road","name":""},"geometry":{"type":"LineString","coordinates":[[113.3703072,23.0398489],[113.3703292,23.0398852],[113.3703436,23.0399],[113.3703621,23.039912],[113.3703819,23.0399191],[113.3704492,23.0399344],[113.3704767,23.0399412],[113.3705109,23.0399499],[113.3705581,23.0399627],[113.3705952,23.0399755],[113.3706313,23.0399892],[113.3706678,23.0400033],[113.3707012,23.040018],[113.3707396,23.0400372],[113.3707761,23.0400566],[113.3708119,23.0400758],[113.3708544,23.0400992],[113.3708882,23.0401189],[113.3709105,23.040132],[113.3709243,23.0401419],[113.3709857,23.0401869],[113.3710457,23.0402354],[113.3710849,23.0402693],[113.3711121,23.0402971],[113.3711651,23.0403545],[113.3712127,23.0404066],[113.3712542,23.040464],[113.3712931,23.0405217],[113.3713183,23.0405603],[113.3713481,23.0406183],[113.3713793,23.0406787],[113.3713957,23.0407184],[113.3714051,23.0407411],[113.3714291,23.0408087],[113.3714424,23.0408577],[113.3714516,23.0408966],[113.3714617,23.0409361],[113.3714644,23.0409546],[113.3714658,23.0409716],[113.371466,23.0409893],[113.3714605,23.041018],[113.3714504,23.0410492],[113.3714385,23.0410771],[113.3714212,23.0411116],[113.3714053,23.0411429],[113.3713927,23.0411721],[113.3713785,23.0412106],[113.3713653,23.0412495],[113.3713506,23.0412984],[113.3713369,23.0413415],[113.3713238,23.0413734],[113.3713128,23.0413937],[113.3713067,23.041405],[113.3712872,23.0414324],[113.3712615,23.0414574],[113.3712475,23.0414694]]}},{"type":"Feature","properties":{"kind":"road","name":""},"geometry":{"type":"LineString","coordinates":[[113.3710965,23.0415918],[113.3704131,23.0416608]]}},{"type":"Feature","properties":{"kind":"road","name":""},"geometry":{"type":"LineString","coordinates":[[113.3704131,23.0416608],[113.370413,23.0415762]]}},{"type":"Feature","properties":{"kind":"road","name":""},"geometry":{"type":"LineString","coordinates":[[113.370413,23.0415762],[113.3704144,23.0413528]]}},{"type":"Feature","properties":{"kind":"road","name":""},"geometry":{"type":"LineString","coordinates":[[113.3726978,23.0413249],[113.3725425,23.0414062],[113.3725328,23.0414103],[113.3725196,23.0414137],[113.3725092,23.0414155],[113.3714922,23.0415213],[113.3714832,23.0415216],[113.3714733,23.0415218],[113.3714608,23.0415217],[113.3714499,23.0415222],[113.3714368,23.041524],[113.3714243,23.0415267],[113.3714124,23.0415314],[113.3714017,23.0415373],[113.3713922,23.0415452],[113.3713801,23.0415566],[113.3713746,23.0415604],[113.3713682,23.0415632],[113.3713588,23.0415654],[113.3710965,23.0415918]]}},{"type":"Feature","properties":{"kind":"road","name":""},"geometry":{"type":"LineString","coordinates":[[113.3712475,23.0414694],[113.3712241,23.0414926],[113.3711884,23.0415244],[113.371151,23.0415559],[113.3711191,23.0415793],[113.3710965,23.0415918]]}},{"type":"Feature","properties":{"kind":"building","name":""},"geometry":{"type":"Polygon","coordinates":[[[113.3699055,23.0413337],[113.3699054,23.0413198],[113.3694246,23.0413201],[113.3694246,23.041334],[113.3694465,23.041334],[113.3694465,23.0413378],[113.3698199,23.0413372],[113.3698199,23.0413339],[113.3699055,23.0413337]]]}},{"type":"Feature","properties":{"kind":"road","name":""},"geometry":{"type":"LineString","coordinates":[[113.3692608,23.0417771],[113.3704131,23.0416608]]}},{"type":"Feature","properties":{"kind":"road","name":""},"geometry":{"type":"LineString","coordinates":[[113.3713957,23.0407184],[113.3714959,23.0407077]]}},{"type":"Feature","properties":{"kind":"road","name":""},"geometry":{"type":"LineString","coordinates":[[113.3667081,23.0427829],[113.3666945,23.0427704]]}},{"type":"Feature","properties":{"kind":"road","name":"大学城中环西路"},"geometry":{"type":"LineString","coordinates":[[113.3739521,23.0415171],[113.3741228,23.0414489]]}},{"type":"Feature","properties":{"kind":"road","name":"大学城外环西路"},"geometry":{"type":"LineString","coordinates":[[113.3740955,23.0390132],[113.3739839,23.0390344],[113.3739506,23.0390401],[113.3735579,23.039108],[113.3731498,23.0391761],[113.3727316,23.0392392],[113.3721049,23.0393251],[113.3718135,23.0393622],[113.3714205,23.0394061],[113.3710776,23.0394438],[113.3707095,23.0394773],[113.3703859,23.0395076],[113.3699821,23.0395354],[113.3697163,23.0395552],[113.3694032,23.03957],[113.3690235,23.039593],[113.3686942,23.0396022],[113.3683536,23.0396164],[113.3680432,23.0396214],[113.3677095,23.0396251],[113.3674078,23.039627],[113.3670486,23.0396264],[113.3666333,23.0396189],[113.3662702,23.0396109],[113.365985,23.0395991],[113.3654155,23.0395736],[113.3651654,23.0395574],[113.3645294,23.0395163],[113.3644683,23.0395124],[113.3609653,23.0392681],[113.3609206,23.0392648],[113.3606533,23.0392454]]}},{"type":"Feature","properties":{"kind":"road","name":"大学城外环西路"},"geometry":{"type":"LineString","coordinates":[[113.3604929,23.0390827],[113.3606624,23.0390948],[113.3609328,23.0391138],[113.3644812,23.0393627],[113.3645384,23.0393662],[113.3651207,23.0394016],[113.3654938,23.0394243],[113.3659819,23.0394459],[113.3662991,23.0394567],[113.3666371,23.039461],[113.3670505,23.0394684],[113.3674074,23.039469],[113.3677078,23.0394671],[113.3680407,23.0394634],[113.3683483,23.0394585],[113.3686877,23.0394443],[113.3690152,23.0394352],[113.3693932,23.0394123],[113.369705,23.0393976],[113.3699687,23.0393779],[113.3703708,23.0393502],[113.3706923,23.0393201],[113.3710589,23.0392868],[113.3713999,23.0392493],[113.3717914,23.0392056],[113.3720805,23.0391687],[113.3727051,23.0390831],[113.3731206,23.0390204],[113.3735267,23.0389527],[113.3738229,23.0389015],[113.3739214,23.0388845],[113.3739507,23.0388794],[113.3742872,23.0388156]]}}]}
